File Name,Path,Instrument Method,Position,Inj Vol,Sample ID,MS Method,Result Path
CC25_TT0000158,E:\Data\2026_02\Wash,D:\Methods\VNeo\A15\Wash\Blank7m650nlML11mA15,B:B12,2,CC25_TT0000257,D:\Methods\Ultra2Methods\MS1\MS1001.m?OtofImpacTEMControl,E:\Data\2026_02\Wash\CC25_TT0000257_B-B12_1_14658.d
HeLa_50ng_2ACN01TFA_0015DDM_2uL_VNeo_Aurora15_16_18p6m200nlv28_DDA70ms1500Vnopoly_TT0000258,E:\Data\2026_02\Data,D:\Methods\VNeo\A15\Separation\Testing\18p6m200nlv28drop,B:A8,2,HeLa_50ng_2ACN01TFA_0015DDM_2uL_VNeo_Aurora15_16_18p6m200nlv28_DDA70ms1500Vnopoly_TT0000258,D:\Methods\Ultra2Methods\DDA\Testing\DDA101RT70WideV1500noPoly.m?OtofImpacTEMControl,E:\Data\2026_02\Data\HeLa_50ng_2ACN01TFA_0015DDM_2uL_VNeo_Aurora15_16_18p6m200nlv28_DDA70ms1500Vnopoly_TT0000258_B-A8_1_14659.d
HeLa_50ng_2ACN01TFA_0015DDM_2uL_VNeo_Aurora15_16_18p6m200nlv28_DDA70ms1600Vnopoly_TT0000259,E:\Data\2026_02\Data,D:\Methods\VNeo\A15\Separation\Testing\18p6m200nlv28drop,B:A8,2,HeLa_50ng_2ACN01TFA_0015DDM_2uL_VNeo_Aurora15_16_18p6m200nlv28_DDA70ms1600Vnopoly_TT0000259,D:\Methods\Ultra2Methods\DDA\Testing\DDA101RT70WideV1600noPoly.m?OtofImpacTEMControl,E:\Data\2026_02\Data\HeLa_50ng_2ACN01TFA_0015DDM_2uL_VNeo_Aurora15_16_18p6m200nlv28_DDA70ms1600Vnopoly_TT0000259_B-A8_1_14660.d
HeLa_50ng_2ACN01TFA_0015DDM_2uL_VNeo_Aurora15_16_18p6m200nlv28_DDA40ms1500Vnopoly_TT0000260,E:\Data\2026_02\Data,D:\Methods\VNeo\A15\Separation\Testing\18p6m200nlv28drop,B:A8,2,HeLa_50ng_2ACN01TFA_0015DDM_2uL_VNeo_Aurora15_16_18p6m200nlv28_DDA40ms1500Vnopoly_TT0000260,D:\Methods\Ultra2Methods\DDA\Testing\DDA101RT40WideV1500noPoly.m?OtofImpacTEMControl,E:\Data\2026_02\Data\HeLa_50ng_2ACN01TFA_0015DDM_2uL_VNeo_Aurora15_16_18p6m200nlv28_DDA40ms1500Vnopoly_TT0000260_B-A8_1_14661.d
HeLa_50ng_2ACN01TFA_0015DDM_2uL_VNeo_Aurora15_16_18p6m200nlv28_DDA40ms1500Vnopoly_TT0000260,E:\Data\2026_02\Data,D:\Methods\VNeo\A15\Separation\Testing\18p6m200nlv28drop,B:A8,2,HeLa_50ng_2ACN01TFA_0015DDM_2uL_VNeo_Aurora15_16_18p6m200nlv28_DDA40ms1500Vnopoly_TT0000260,D:\Methods\Ultra2Methods\DDA\Testing\DDA101RT40WideV1500noPoly.m?OtofImpacTEMControl,E:\Data\2026_02\Data\HeLa_50ng_2ACN01TFA_0015DDM_2uL_VNeo_Aurora15_16_18p6m200nlv28_DDA40ms1500Vnopoly_TT0000260_B-A8_1_14662.d
HeLa_50ng_2ACN01TFA_0015DDM_2uL_VNeo_Aurora15_16_18p6m200nlv28_DDA50ms1500Vnopoly_TT0000261,E:\Data\2026_02\Data,D:\Methods\VNeo\A15\Separation\Testing\18p6m200nlv28drop,B:A8,2,HeLa_50ng_2ACN01TFA_0015DDM_2uL_VNeo_Aurora15_16_18p6m200nlv28_DDA50ms1500Vnopoly_TT0000261,D:\Methods\Ultra2Methods\DDA\Testing\DDA101RT50WideV1500noPoly.m?OtofImpacTEMControl,E:\Data\2026_02\Data\HeLa_50ng_2ACN01TFA_0015DDM_2uL_VNeo_Aurora15_16_18p6m200nlv28_DDA50ms1500Vnopoly_TT0000261_B-A8_1_14663.d
HeLa_50ng_2ACN01TFA_0015DDM_2uL_VNeo_Aurora15_16_18p6m200nlv28_DDA60ms1500Vnopoly_TT0000262,E:\Data\2026_02\Data,D:\Methods\VNeo\A15\Separation\Testing\18p6m200nlv28drop,B:A8,2,HeLa_50ng_2ACN01TFA_0015DDM_2uL_VNeo_Aurora15_16_18p6m200nlv28_DDA60ms1500Vnopoly_TT0000262,D:\Methods\Ultra2Methods\DDA\Testing\DDA101RT60WideV1500noPoly.m?OtofImpacTEMControl,E:\Data\2026_02\Data\HeLa_50ng_2ACN01TFA_0015DDM_2uL_VNeo_Aurora15_16_18p6m200nlv28_DDA60ms1500Vnopoly_TT0000262_B-A8_1_14664.d
HeLa_50ng_2ACN01TFA_0015DDM_2uL_VNeo_Aurora15_16_18p6m200nlv28_DDA80ms1500Vnopoly_TT0000263,E:\Data\2026_02\Data,D:\Methods\VNeo\A15\Separation\Testing\18p6m200nlv28drop,B:A11,2,HeLa_50ng_2ACN01TFA_0015DDM_2uL_VNeo_Aurora15_16_18p6m200nlv28_DDA80ms1500Vnopoly_TT0000263,D:\Methods\Ultra2Methods\DDA\Testing\DDA101RT80WideV1500noPoly.m?OtofImpacTEMControl,E:\Data\2026_02\Data\HeLa_50ng_2ACN01TFA_0015DDM_2uL_VNeo_Aurora15_16_18p6m200nlv28_DDA80ms1500Vnopoly_TT0000263_B-A11_1_14665.d
HeLa_50ng_2ACN01TFA_0015DDM_2uL_VNeo_Aurora15_16_18p6m200nlv28_DDA65ms1500Vnopoly_TT0000264,E:\Data\2026_02\Data,D:\Methods\VNeo\A15\Separation\Testing\18p6m200nlv28drop,B:A11,2,HeLa_50ng_2ACN01TFA_0015DDM_2uL_VNeo_Aurora15_16_18p6m200nlv28_DDA65ms1500Vnopoly_TT0000264,D:\Methods\Ultra2Methods\DDA\Testing\DDA101RT65WideV1500noPoly.m?OtofImpacTEMControl,E:\Data\2026_02\Data\HeLa_50ng_2ACN01TFA_0015DDM_2uL_VNeo_Aurora15_16_18p6m200nlv28_DDA65ms1500Vnopoly_TT0000264_B-A11_1_14666.d
HeLa_50ng_2ACN01TFA_0015DDM_2uL_VNeo_Aurora15_16_18p6m200nlv28_DDA85ms1500Vnopoly_TT0000265,E:\Data\2026_02\Data,D:\Methods\VNeo\A15\Separation\Testing\18p6m200nlv28drop,B:A11,2,HeLa_50ng_2ACN01TFA_0015DDM_2uL_VNeo_Aurora15_16_18p6m200nlv28_DDA85ms1500Vnopoly_TT0000265,D:\Methods\Ultra2Methods\DDA\Testing\DDA101RT80WideV1500noPoly.m?OtofImpacTEMControl,E:\Data\2026_02\Data\HeLa_50ng_2ACN01TFA_0015DDM_2uL_VNeo_Aurora15_16_18p6m200nlv28_DDA85ms1500Vnopoly_TT0000265_B-A11_1_14667.d
HeLa_50ng_2ACN01TFA_0015DDM_2uL_VNeo_Aurora15_16_18p6m200nlv28_DDA85ms1500Vnopoly_TT0000265,E:\Data\2026_02\Data,D:\Methods\VNeo\A15\Separation\Testing\18p6m200nlv28drop,B:A11,2,HeLa_50ng_2ACN01TFA_0015DDM_2uL_VNeo_Aurora15_16_18p6m200nlv28_DDA85ms1500Vnopoly_TT0000265,D:\Methods\Ultra2Methods\DDA\Testing\DDA101RT85WideV1500noPoly.m?OtofImpacTEMControl,E:\Data\2026_02\Data\HeLa_50ng_2ACN01TFA_0015DDM_2uL_VNeo_Aurora15_16_18p6m200nlv28_DDA85ms1500Vnopoly_TT0000265_B-A11_1_14668.d
HeLa_50ng_2ACN01TFA_0015DDM_2uL_VNeo_Aurora15_16_18p6m200nlv28_DDA95ms1500Vnopoly_TT0000266,E:\Data\2026_02\Data,D:\Methods\VNeo\A15\Separation\Testing\18p6m200nlv28drop,B:A11,2,HeLa_50ng_2ACN01TFA_0015DDM_2uL_VNeo_Aurora15_16_18p6m200nlv28_DDA95ms1500Vnopoly_TT0000266,D:\Methods\Ultra2Methods\DDA\Testing\DDA101RT95WideV1500noPoly.m?OtofImpacTEMControl,E:\Data\2026_02\Data\HeLa_50ng_2ACN01TFA_0015DDM_2uL_VNeo_Aurora15_16_18p6m200nlv28_DDA95ms1500Vnopoly_TT0000266_B-A11_1_14669.d
HeLa_50ng_2ACN01TFA_0015DDM_2uL_VNeo_Aurora15_16_18p6m200nlv28_DDA100ms1500Vnopoly_TT0000267,E:\Data\2026_02\Data,D:\Methods\VNeo\A15\Separation\Testing\18p6m200nlv28drop,B:A11,2,HeLa_50ng_2ACN01TFA_0015DDM_2uL_VNeo_Aurora15_16_18p6m200nlv28_DDA100ms1500Vnopoly_TT0000267,D:\Methods\Ultra2Methods\DDA\Testing\DDA101RT100WideV1500noPoly.m?OtofImpacTEMControl,E:\Data\2026_02\Data\HeLa_50ng_2ACN01TFA_0015DDM_2uL_VNeo_Aurora15_16_18p6m200nlv28_DDA100ms1500Vnopoly_TT0000267_B-A11_1_14670.d
HeLa_50ng_2ACN01TFA_0015DDM_2uL_VNeo_Aurora15_16_18p6m200nlv28_DDA95ms1500Vpoly_TT0000268,E:\Data\2026_02\Data,D:\Methods\VNeo\A15\Separation\Testing\18p6m200nlv28drop,B:A11,2,HeLa_50ng_2ACN01TFA_0015DDM_2uL_VNeo_Aurora15_16_18p6m200nlv28_DDA95ms1500Vpoly_TT0000268,D:\Methods\Ultra2Methods\DDA\Testing\DDA101RT95WideV1500Poly.m?OtofImpacTEMControl,E:\Data\2026_02\Data\HeLa_50ng_2ACN01TFA_0015DDM_2uL_VNeo_Aurora15_16_18p6m200nlv28_DDA95ms1500Vpoly_TT0000268_B-A11_1_14671.d
CC25_TT0000269,E:\Data\2026_02\Wash,D:\Methods\VNeo\A15\Wash\Blank7m650nlML11mA15,B:B12,2,CC25_TT0000269,D:\Methods\Ultra2Methods\MS1\MS1001.m?OtofImpacTEMControl,E:\Data\2026_02\Wash\CC25_TT0000269_B-B12_1_14672.d
HeLa_100pg_2ACN01TFA_0015DDM_2uL_VNeo_Aurora15_16_18p6m200nlv28_DDA95ms1500Vpoly_TT0000270,E:\Data\2026_02\Data,D:\Methods\VNeo\A15\Separation\Testing\18p6m200nlv28drop,B:E11,1,HeLa_100pg_2ACN01TFA_0015DDM_2uL_VNeo_Aurora15_16_18p6m200nlv28_DDA95ms1500Vpoly_TT0000270,D:\Methods\Ultra2Methods\DDA\Testing\DDA101RT95WideV1500Poly.m?OtofImpacTEMControl,E:\Data\2026_02\Data\HeLa_100pg_2ACN01TFA_0015DDM_2uL_VNeo_Aurora15_16_18p6m200nlv28_DDA95ms1500Vpoly_TT0000270_B-E11_1_14673.d
HeLa_200pg_2ACN01TFA_0015DDM_2uL_VNeo_Aurora15_16_18p6m200nlv28_DDA95ms1500Vpoly_TT0000271,E:\Data\2026_02\Data,D:\Methods\VNeo\A15\Separation\Testing\18p6m200nlv28drop,B:E11,2,HeLa_200pg_2ACN01TFA_0015DDM_2uL_VNeo_Aurora15_16_18p6m200nlv28_DDA95ms1500Vpoly_TT0000271,D:\Methods\Ultra2Methods\DDA\Testing\DDA101RT95WideV1500Poly.m?OtofImpacTEMControl,E:\Data\2026_02\Data\HeLa_200pg_2ACN01TFA_0015DDM_2uL_VNeo_Aurora15_16_18p6m200nlv28_DDA95ms1500Vpoly_TT0000271_B-E11_1_14674.d
HeLa_1ng_2ACN01TFA_0015DDM_2uL_VNeo_Aurora15_16_18p6m200nlv28_DDA95ms1500Vpoly_TT0000272,E:\Data\2026_02\Data,D:\Methods\VNeo\A15\Separation\Testing\18p6m200nlv28drop,B:D11,2,HeLa_1ng_2ACN01TFA_0015DDM_2uL_VNeo_Aurora15_16_18p6m200nlv28_DDA95ms1500Vpoly_TT0000272,D:\Methods\Ultra2Methods\DDA\Testing\DDA101RT95WideV1500Poly.m?OtofImpacTEMControl,E:\Data\2026_02\Data\HeLa_1ng_2ACN01TFA_0015DDM_2uL_VNeo_Aurora15_16_18p6m200nlv28_DDA95ms1500Vpoly_TT0000272_B-D11_1_14675.d
HeLa_5ng_2ACN01TFA_0015DDM_2uL_VNeo_Aurora15_16_18p6m200nlv28_DDA95ms1500Vpoly_TT0000273,E:\Data\2026_02\Data,D:\Methods\VNeo\A15\Separation\Testing\18p6m200nlv28drop,B:C11,2,HeLa_5ng_2ACN01TFA_0015DDM_2uL_VNeo_Aurora15_16_18p6m200nlv28_DDA95ms1500Vpoly_TT0000273,D:\Methods\Ultra2Methods\DDA\Testing\DDA101RT95WideV1500Poly.m?OtofImpacTEMControl,E:\Data\2026_02\Data\HeLa_5ng_2ACN01TFA_0015DDM_2uL_VNeo_Aurora15_16_18p6m200nlv28_DDA95ms1500Vpoly_TT0000273_B-C11_1_14676.d
HeLa_20ng_2ACN01TFA_0015DDM_2uL_VNeo_Aurora15_16_18p6m200nlv28_DDA95ms1500Vpoly_TT0000274,E:\Data\2026_02\Data,D:\Methods\VNeo\A15\Separation\Testing\18p6m200nlv28drop,B:B11,2,HeLa_20ng_2ACN01TFA_0015DDM_2uL_VNeo_Aurora15_16_18p6m200nlv28_DDA95ms1500Vpoly_TT0000274,D:\Methods\Ultra2Methods\DDA\Testing\DDA101RT95WideV1500Poly.m?OtofImpacTEMControl,E:\Data\2026_02\Data\HeLa_20ng_2ACN01TFA_0015DDM_2uL_VNeo_Aurora15_16_18p6m200nlv28_DDA95ms1500Vpoly_TT0000274_B-B11_1_14677.d
CC25_TT0000275,E:\Data\2026_02\Wash,D:\Methods\VNeo\A15\Wash\Blank7m650nlML11mA15,B:B12,2,CC25_TT0000275,D:\Methods\Ultra2Methods\MS1\MS1001.m?OtofImpacTEMControl,E:\Data\2026_02\Wash\CC25_TT0000275_B-B12_1_14678.d
CC25_TT0000276,E:\Data\2026_02\Wash,D:\Methods\VNeo\A15\Wash\Blank7m650nlML11mA15,B:C12,2,CC25_TT0000276,D:\Methods\Ultra2Methods\MS1\MS1001.m?OtofImpacTEMControl,E:\Data\2026_02\Wash\CC25_TT0000276_B-C12_1_14679.d
HeLa_5ng_2ACN01TFA_0015DDM_2uL_VNeo_Aurora15_16_20m30mML200nl_DIA75msW83_TT0000277,E:\Data\2026_02\Data,D:\Methods\VNeo\A15\Separation\Testing\20m200nlML30mA15phospho4,B:A1,2,HeLa_5ng_2ACN01TFA_0015DDM_2uL_VNeo_Aurora15_16_20m30mML200nl_DIA75msW83_TT0000277,D:\Methods\Ultra2Methods\DIA\testing\DIA011RT75expandedrangeW83.proteoscape.m?OtofImpacTEMControl,E:\Data\2026_02\Data\HeLa_5ng_2ACN01TFA_0015DDM_2uL_VNeo_Aurora15_16_20m30mML200nl_DIA75msW83_TT0000277_B-A1_1_14680.d
HeLa_5ng_2ACN01TFA_0015DDM_2uL_VNeo_Aurora15_16_18p6v28_DIA75msW83_TT0000278,E:\Data\2026_02\Data,D:\Methods\VNeo\A15\Separation\Testing\18p6m200nlv28drop,B:A1,2,HeLa_5ng_2ACN01TFA_0015DDM_2uL_VNeo_Aurora15_16_18p6v28_DIA75msW83_TT0000278,D:\Methods\Ultra2Methods\DIA\testing\DIA011RT75expandedrangeW83.proteoscape.m?OtofImpacTEMControl,E:\Data\2026_02\Data\HeLa_5ng_2ACN01TFA_0015DDM_2uL_VNeo_Aurora15_16_18p6v28_DIA75msW83_TT0000278_B-A1_1_14681.d
HeLa_5ng_2ACN01TFA_0015DDM_2uL_VNeo_Aurora15_16_18p6v31_DIA75msW83_TT0000279,E:\Data\2026_02\Data,D:\Methods\VNeo\A15\Separation\Testing\18p6m200nlv31,B:A1,2,HeLa_5ng_2ACN01TFA_0015DDM_2uL_VNeo_Aurora15_16_18p6v31_DIA75msW83_TT0000279,D:\Methods\Ultra2Methods\DIA\testing\DIA011RT75expandedrangeW83.proteoscape.m?OtofImpacTEMControl,E:\Data\2026_02\Data\HeLa_5ng_2ACN01TFA_0015DDM_2uL_VNeo_Aurora15_16_18p6v31_DIA75msW83_TT0000279_B-A1_1_14682.d
HeLa_5ng_2ACN01TFA_0015DDM_2uL_VNeo_Aurora15_16_18p6v30_DIA75msW83_TT0000280,E:\Data\2026_02\Data,D:\Methods\VNeo\A15\Separation\Testing\18p6m200nlv30,B:A1,2,HeLa_5ng_2ACN01TFA_0015DDM_2uL_VNeo_Aurora15_16_18p6v30_DIA75msW83_TT0000280,D:\Methods\Ultra2Methods\DIA\testing\DIA011RT75expandedrangeW83.proteoscape.m?OtofImpacTEMControl,E:\Data\2026_02\Data\HeLa_5ng_2ACN01TFA_0015DDM_2uL_VNeo_Aurora15_16_18p6v30_DIA75msW83_TT0000280_B-A1_1_14683.d
HeLa_5ng_2ACN01TFA_0015DDM_2uL_VNeo_Aurora15_16_25mv5_DIA75msW83_TT0000281,E:\Data\2026_02\Data,D:\Methods\VNeo\A15\Separation\Testing\25m200nlv5,B:A1,2,HeLa_5ng_2ACN01TFA_0015DDM_2uL_VNeo_Aurora15_16_25mv5_DIA75msW83_TT0000281,D:\Methods\Ultra2Methods\DIA\testing\DIA011RT75expandedrangeW83.proteoscape.m?OtofImpacTEMControl,E:\Data\2026_02\Data\HeLa_5ng_2ACN01TFA_0015DDM_2uL_VNeo_Aurora15_16_25mv5_DIA75msW83_TT0000281_B-A1_1_14684.d
HeLa_5ng_2ACN01TFA_0015DDM_2uL_VNeo_Aurora15_16_18p6v36_DIA75msW83_TT0000282,E:\Data\2026_02\Data,D:\Methods\VNeo\A15\Separation\Testing\18p6m200nlv36,B:A1,2,HeLa_5ng_2ACN01TFA_0015DDM_2uL_VNeo_Aurora15_16_18p6v36_DIA75msW83_TT0000282,D:\Methods\Ultra2Methods\DIA\testing\DIA011RT75expandedrangeW83.proteoscape.m?OtofImpacTEMControl,E:\Data\2026_02\Data\HeLa_5ng_2ACN01TFA_0015DDM_2uL_VNeo_Aurora15_16_18p6v36_DIA75msW83_TT0000282_B-A1_1_14685.d
HeLa_5ng_2ACN01TFA_0015DDM_2uL_VNeo_Aurora15_16_18p6v37_DIA75msW83_TT0000283,E:\Data\2026_02\Data,D:\Methods\VNeo\A15\Separation\Testing\18p6m200nlv37,B:A1,2,HeLa_5ng_2ACN01TFA_0015DDM_2uL_VNeo_Aurora15_16_18p6v37_DIA75msW83_TT0000283,D:\Methods\Ultra2Methods\DIA\testing\DIA011RT75expandedrangeW83.proteoscape.m?OtofImpacTEMControl,E:\Data\2026_02\Data\HeLa_5ng_2ACN01TFA_0015DDM_2uL_VNeo_Aurora15_16_18p6v37_DIA75msW83_TT0000283_B-A1_1_14686.d
HeLa_5ng_2ACN01TFA_0015DDM_2uL_VNeo_Aurora15_16_18p5v32_DIA75msW83_TT0000284,E:\Data\2026_02\Data,D:\Methods\VNeo\A15\Separation\Testing\18p6m200nlv38,B:A1,2,HeLa_5ng_2ACN01TFA_0015DDM_2uL_VNeo_Aurora15_16_18p6v32_DIA75msW83_TT0000284,D:\Methods\Ultra2Methods\DIA\testing\DIA011RT75expandedrangeW83.proteoscape.m?OtofImpacTEMControl,E:\Data\2026_02\Data\HeLa_5ng_2ACN01TFA_0015DDM_2uL_VNeo_Aurora15_16_18p6v32_DIA75msW83_TT0000284_B-A1_1_14687.d
HeLa_5ng_2ACN01TFA_0015DDM_2uL_VNeo_Aurora15_16_18p5v40_DIA75msW83_TT0000285,E:\Data\2026_02\Data,D:\Methods\VNeo\A15\Separation\Testing\15p5m200nlv40,B:A1,2,HeLa_5ng_2ACN01TFA_0015DDM_2uL_VNeo_Aurora15_16_18p5v40_DIA75msW83_TT0000285,D:\Methods\Ultra2Methods\DIA\testing\DIA011RT75expandedrangeW83.proteoscape.m?OtofImpacTEMControl,E:\Data\2026_02\Data\HeLa_5ng_2ACN01TFA_0015DDM_2uL_VNeo_Aurora15_16_18p5v40_DIA75msW83_TT0000285_B-A1_1_14688.d
HeLa_5ng_2ACN01TFA_0015DDM_2uL_VNeo_Aurora15_16_19mv41_DIA75msW83_TT0000286,E:\Data\2026_02\Data,D:\Methods\VNeo\A15\Separation\Testing\19m200nlv41,B:A1,2,HeLa_5ng_2ACN01TFA_0015DDM_2uL_VNeo_Aurora15_16_19mv41_DIA75msW83_TT0000286,D:\Methods\Ultra2Methods\DIA\testing\DIA011RT75expandedrangeW83.proteoscape.m?OtofImpacTEMControl,E:\Data\2026_02\Data\HeLa_5ng_2ACN01TFA_0015DDM_2uL_VNeo_Aurora15_16_19mv41_DIA75msW83_TT0000286_B-A1_1_14689.d
HeLa_5ng_2ACN01TFA_0015DDM_1uL_VNeo_Aurora15_16_18p6v36_DIA75msW83_TT0000287,E:\Data\2026_02\Data,D:\Methods\VNeo\A15\Separation\Testing\18p6m200nlv36,B:F2,1,HeLa_5ng_2ACN01TFA_0015DDM_1uL_VNeo_Aurora15_16_18p6v36_DIA75msW83_TT0000287,D:\Methods\Ultra2Methods\DIA\testing\DIA011RT75expandedrangeW83.proteoscape.m?OtofImpacTEMControl,E:\Data\2026_02\Data\HeLa_5ng_2ACN01TFA_0015DDM_1uL_VNeo_Aurora15_16_18p6v36_DIA75msW83_TT0000287_B-F2_1_14690.d
HeLa_5ng_2ACN01TFA_0015DDM_1uL_VNeo_Aurora15_16_25m200nlv5_DIA75msW83_TT0000288,E:\Data\2026_02\Data,D:\Methods\VNeo\A15\Separation\Testing\25m200nlv5,B:F2,1,HeLa_5ng_2ACN01TFA_0015DDM_1uL_VNeo_Aurora15_16_25m200nlv5_DIA75msW83_TT0000288,D:\Methods\Ultra2Methods\DIA\testing\DIA011RT75expandedrangeW83.proteoscape.m?OtofImpacTEMControl,E:\Data\2026_02\Data\HeLa_5ng_2ACN01TFA_0015DDM_1uL_VNeo_Aurora15_16_25m200nlv5_DIA75msW83_TT0000288_B-F2_1_14691.d
HeLa_5ng_2ACN01TFA_0015DDM_1uL_VNeo_Aurora15_16_19mv43_DIA75msW83_TT0000289,E:\Data\2026_02\Data,D:\Methods\VNeo\A15\Separation\Testing\19m200nlv43,B:F2,1,HeLa_5ng_2ACN01TFA_0015DDM_1uL_VNeo_Aurora15_16_19mv43_DIA75msW83_TT0000289,D:\Methods\Ultra2Methods\DIA\testing\DIA011RT75expandedrangeW83.proteoscape.m?OtofImpacTEMControl,E:\Data\2026_02\Data\HeLa_5ng_2ACN01TFA_0015DDM_1uL_VNeo_Aurora15_16_19mv43_DIA75msW83_TT0000289_B-F2_1_14692.d
HeLa_5ng_2ACN01TFA_0015DDM_1uL_VNeo_Aurora15_16_19mv44_DIA75msW83_TT0000290,E:\Data\2026_02\Data,D:\Methods\VNeo\A15\Separation\Testing\19m200nlv44,B:F2,1,HeLa_5ng_2ACN01TFA_0015DDM_1uL_VNeo_Aurora15_16_19mv44_DIA75msW83_TT0000290,D:\Methods\Ultra2Methods\DIA\testing\DIA011RT75expandedrangeW83.proteoscape.m?OtofImpacTEMControl,E:\Data\2026_02\Data\HeLa_5ng_2ACN01TFA_0015DDM_1uL_VNeo_Aurora15_16_19mv44_DIA75msW83_TT0000290_B-F2_1_14693.d
HeLa_5ng_2ACN01TFA_0015DDM_1uL_VNeo_Aurora15_16_19mv45_DIA75msW83_TT0000291,E:\Data\2026_02\Data,D:\Methods\VNeo\A15\Separation\Testing\19m200nlv45,B:F2,1,HeLa_5ng_2ACN01TFA_0015DDM_1uL_VNeo_Aurora15_16_19mv45_DIA75msW83_TT0000291,D:\Methods\Ultra2Methods\DIA\testing\DIA011RT75expandedrangeW83.proteoscape.m?OtofImpacTEMControl,E:\Data\2026_02\Data\HeLa_5ng_2ACN01TFA_0015DDM_1uL_VNeo_Aurora15_16_19mv45_DIA75msW83_TT0000291_B-F2_1_14694.d
HeLa_5ng_2ACN01TFA_0015DDM_1uL_VNeo_Aurora15_16_18mv46_DIA75msW83_TT0000292,E:\Data\2026_02\Data,D:\Methods\VNeo\A15\Separation\Testing\18m200nlv46,B:F2,1,HeLa_5ng_2ACN01TFA_0015DDM_1uL_VNeo_Aurora15_16_18mv46_DIA75msW83_TT0000292,D:\Methods\Ultra2Methods\DIA\testing\DIA011RT75expandedrangeW83.proteoscape.m?OtofImpacTEMControl,E:\Data\2026_02\Data\HeLa_5ng_2ACN01TFA_0015DDM_1uL_VNeo_Aurora15_16_18mv46_DIA75msW83_TT0000292_B-F2_1_14695.d
HeLa_5ng_2ACN01TFA_0015DDM_1uL_VNeo_Aurora15_16_18mv47_DIA75msW83_TT0000293,E:\Data\2026_02\Data,D:\Methods\VNeo\A15\Separation\Testing\18m200nlv47,B:F2,1,HeLa_5ng_2ACN01TFA_0015DDM_1uL_VNeo_Aurora15_16_18mv47_DIA75msW83_TT0000293,D:\Methods\Ultra2Methods\DIA\testing\DIA011RT75expandedrangeW83.proteoscape.m?OtofImpacTEMControl,E:\Data\2026_02\Data\HeLa_5ng_2ACN01TFA_0015DDM_1uL_VNeo_Aurora15_16_18mv47_DIA75msW83_TT0000293_B-F2_1_14696.d
HeLa_5ng_2ACN01TFA_0015DDM_1uL_VNeo_Aurora15_16_19mv50_DIA75msW83_TT0000294,E:\Data\2026_02\Data,D:\Methods\VNeo\A15\Separation\Testing\19m200nlv50,B:F2,1,HeLa_5ng_2ACN01TFA_0015DDM_1uL_VNeo_Aurora15_16_19mv50_DIA75msW83_TT0000294,D:\Methods\Ultra2Methods\DIA\testing\DIA011RT75expandedrangeW83.proteoscape.m?OtofImpacTEMControl,E:\Data\2026_02\Data\HeLa_5ng_2ACN01TFA_0015DDM_1uL_VNeo_Aurora15_16_19mv50_DIA75msW83_TT0000294_B-F2_1_14697.d
HeLa_5ng_2ACN01TFA_0015DDM_1uL_VNeo_Aurora15_16_22p65mv49_DIA75msW83_TT0000295,E:\Data\2026_02\Data,D:\Methods\VNeo\A15\Separation\Testing\22p65m200nlv49,B:F2,1,HeLa_5ng_2ACN01TFA_0015DDM_1uL_VNeo_Aurora15_16_22p6_DIA75msW83_TT0000295,D:\Methods\Ultra2Methods\DIA\testing\DIA011RT75expandedrangeW83.proteoscape.m?OtofImpacTEMControl,E:\Data\2026_02\Data\HeLa_5ng_2ACN01TFA_0015DDM_1uL_VNeo_Aurora15_16_22p6_DIA75msW83_TT0000295_B-F2_1_14698.d
HeLa_5ng_2ACN01TFA_0015DDM_1uL_VNeo_Aurora15_16_20m30mML200nl_DIA75msW83_TT0000296,E:\Data\2026_02\Data,D:\Methods\VNeo\A15\Separation\Testing\20m200nlML30mA15phospho4,B:F2,1,HeLa_5ng_2ACN01TFA_0015DDM_1uL_VNeo_Aurora15_16_20m30mML200nl_DIA75msW83_TT0000296,D:\Methods\Ultra2Methods\DIA\testing\DIA011RT75expandedrangeW83.proteoscape.m?OtofImpacTEMControl,E:\Data\2026_02\Data\HeLa_5ng_2ACN01TFA_0015DDM_1uL_VNeo_Aurora15_16_20m30mML200nl_DIA75msW83_TT0000296_B-F2_1_14699.d
HeLa_5ng_2ACN01TFA_0015DDM_1uL_VNeo_Aurora15_16_19mv45_DIA75msW83_TT0000297,E:\Data\2026_02\Data,D:\Methods\VNeo\A15\Separation\Testing\19m200nlv45,B:F2,1,HeLa_5ng_2ACN01TFA_0015DDM_1uL_VNeo_Aurora15_16_19mv45_DIA75msW83_TT0000297,D:\Methods\Ultra2Methods\DIA\testing\DIA011RT75expandedrangeW83.proteoscape.m?OtofImpacTEMControl,E:\Data\2026_02\Data\HeLa_5ng_2ACN01TFA_0015DDM_1uL_VNeo_Aurora15_16_19mv45_DIA75msW83_TT0000297_B-F2_1_14700.d
CC25_TT0000298,E:\Data\2026_02\Wash,D:\Methods\VNeo\A15\Wash\Blank7m650nlML11mA15,B:D12,2,CC25_TT0000298,D:\Methods\Ultra2Methods\MS1\MS1001.m?OtofImpacTEMControl,E:\Data\2026_02\Wash\CC25_TT0000298_B-D12_1_14701.d
HeLa_100pg_2ACN01TFA_0015DDM_1uL_VNeo_Aurora15_16_19mv45_DIA75msW83_TT0000299,E:\Data\2026_02\Data,D:\Methods\VNeo\A15\Separation\Testing\19m200nlv45,B:E2,1,HeLa_100pg_2ACN01TFA_0015DDM_1uL_VNeo_Aurora15_16_19mv45_DIA75msW83_TT0000299,D:\Methods\Ultra2Methods\DIA\testing\DIA011RT75expandedrangeW83.proteoscape.m?OtofImpacTEMControl,E:\Data\2026_02\Data\HeLa_100pg_2ACN01TFA_0015DDM_1uL_VNeo_Aurora15_16_19mv45_DIA75msW83_TT0000299_B-E2_1_14702.d
HeLa_200pg_2ACN01TFA_0015DDM_2uL_VNeo_Aurora15_16_19mv45_DIA75msW83_TT0000300,E:\Data\2026_02\Data,D:\Methods\VNeo\A15\Separation\Testing\19m200nlv45,B:E2,2,HeLa_200pg_2ACN01TFA_0015DDM_2uL_VNeo_Aurora15_16_19mv45_DIA75msW83_TT0000300,D:\Methods\Ultra2Methods\DIA\testing\DIA011RT75expandedrangeW83.proteoscape.m?OtofImpacTEMControl,E:\Data\2026_02\Data\HeLa_200pg_2ACN01TFA_0015DDM_2uL_VNeo_Aurora15_16_19mv45_DIA75msW83_TT0000300_B-E2_1_14703.d
HeLa_1ng_2ACN01TFA_0015DDM_2uL_VNeo_Aurora15_16_19mv45_DIA75msW83_TT0000301,E:\Data\2026_02\Data,D:\Methods\VNeo\A15\Separation\Testing\19m200nlv45,B:D2,2,HeLa_1ng_2ACN01TFA_0015DDM_2uL_VNeo_Aurora15_16_19mv45_DIA75msW83_TT0000301,D:\Methods\Ultra2Methods\DIA\testing\DIA011RT75expandedrangeW83.proteoscape.m?OtofImpacTEMControl,E:\Data\2026_02\Data\HeLa_1ng_2ACN01TFA_0015DDM_2uL_VNeo_Aurora15_16_19mv45_DIA75msW83_TT0000301_B-D2_1_14704.d
HeLa_5ng_2ACN01TFA_0015DDM_2uL_VNeo_Aurora15_16_19mv45_DIA75msW83_TT0000302,E:\Data\2026_02\Data,D:\Methods\VNeo\A15\Separation\Testing\19m200nlv45,B:C2,2,HeLa_5ng_2ACN01TFA_0015DDM_2uL_VNeo_Aurora15_16_19mv45_DIA75msW83_TT0000302,D:\Methods\Ultra2Methods\DIA\testing\DIA011RT75expandedrangeW83.proteoscape.m?OtofImpacTEMControl,E:\Data\2026_02\Data\HeLa_5ng_2ACN01TFA_0015DDM_2uL_VNeo_Aurora15_16_19mv45_DIA75msW83_TT0000302_B-C2_1_14705.d
Blank_2ACN01TFA_0015DDM_2uL_VNeo_Aurora15_16_19mv45_DIA75msW83_TT0000303,E:\Data\2026_02\Data,D:\Methods\VNeo\A15\Separation\Testing\19m200nlv45,B:C12,2,Blank_2ACN01TFA_0015DDM_2uL_VNeo_Aurora15_16_19mv45_DIA75msW83_TT0000303,D:\Methods\Ultra2Methods\DIA\testing\DIA011RT75expandedrangeW83.proteoscape.m?OtofImpacTEMControl,E:\Data\2026_02\Data\Blank_2ACN01TFA_0015DDM_2uL_VNeo_Aurora15_16_19mv45_DIA75msW83_TT0000303_B-C12_1_14706.d
HeLa_20ng_2ACN01TFA_0015DDM_2uL_VNeo_Aurora15_16_19mv45_DIA75msW83_TT0000304,E:\Data\2026_02\Data,D:\Methods\VNeo\A15\Separation\Testing\19m200nlv45,B:B2,2,HeLa_20ng_2ACN01TFA_0015DDM_2uL_VNeo_Aurora15_16_19mv45_DIA75msW83_TT0000304,D:\Methods\Ultra2Methods\DIA\testing\DIA011RT75expandedrangeW83.proteoscape.m?OtofImpacTEMControl,E:\Data\2026_02\Data\HeLa_20ng_2ACN01TFA_0015DDM_2uL_VNeo_Aurora15_16_19mv45_DIA75msW83_TT0000304_B-B2_1_14707.d
Blank_2ACN01TFA_0015DDM_2uL_VNeo_Aurora15_16_19mv45_DIA75msW83_TT0000305,E:\Data\2026_02\Data,D:\Methods\VNeo\A15\Separation\Testing\19m200nlv45,B:C12,2,Blank_2ACN01TFA_0015DDM_2uL_VNeo_Aurora15_16_19mv45_DIA75msW83_TT0000305,D:\Methods\Ultra2Methods\DIA\testing\DIA011RT75expandedrangeW83.proteoscape.m?OtofImpacTEMControl,E:\Data\2026_02\Data\Blank_2ACN01TFA_0015DDM_2uL_VNeo_Aurora15_16_19mv45_DIA75msW83_TT0000305_B-C12_1_14708.d
HeLa_50ng_2ACN01TFA_0015DDM_2uL_VNeo_Aurora15_16_19mv45_DIA75msW83_TT0000306,E:\Data\2026_02\Data,D:\Methods\VNeo\A15\Separation\Testing\19m200nlv45,B:A2,2,HeLa_50ng_2ACN01TFA_0015DDM_2uL_VNeo_Aurora15_16_19mv45_DIA75msW83_TT0000306,D:\Methods\Ultra2Methods\DIA\testing\DIA011RT75expandedrangeW83.proteoscape.m?OtofImpacTEMControl,E:\Data\2026_02\Data\HeLa_50ng_2ACN01TFA_0015DDM_2uL_VNeo_Aurora15_16_19mv45_DIA75msW83_TT0000306_B-A2_1_14709.d
Blank_2ACN01TFA_0015DDM_2uL_VNeo_Aurora15_16_19mv45_DIA75msW83_TT0000307,E:\Data\2026_02\Data,D:\Methods\VNeo\A15\Separation\Testing\19m200nlv45,B:C12,2,Blank_2ACN01TFA_0015DDM_2uL_VNeo_Aurora15_16_19mv45_DIA75msW83_TT0000307,D:\Methods\Ultra2Methods\DIA\testing\DIA011RT75expandedrangeW83.proteoscape.m?OtofImpacTEMControl,E:\Data\2026_02\Data\Blank_2ACN01TFA_0015DDM_2uL_VNeo_Aurora15_16_19mv45_DIA75msW83_TT0000307_B-C12_1_14710.d
CC25_TT0000308,E:\Data\2026_02\Wash,D:\Methods\VNeo\A15\Wash\Blank7m650nlML11mA15,B:D12,2,CC25_TT0000308,D:\Methods\Ultra2Methods\MS1\MS1001.m?OtofImpacTEMControl,E:\Data\2026_02\Wash\CC25_TT0000308_B-D12_1_14711.d
HeLa_100pg_2ACN01TFA_0015DDM_1uL_VNeo_Aurora15_16_19mv45_DIA75msW83_TT0000309,E:\Data\2026_02\Data,D:\Methods\VNeo\A15\Separation\Testing\19m200nlv45,B:E2,1,HeLa_100pg_2ACN01TFA_0015DDM_1uL_VNeo_Aurora15_16_19mv45_DIA75msW83_TT0000309,D:\Methods\Ultra2Methods\DIA\testing\DIA011RT75expandedrangeW83.proteoscape.m?OtofImpacTEMControl,E:\Data\2026_02\Data\HeLa_100pg_2ACN01TFA_0015DDM_1uL_VNeo_Aurora15_16_19mv45_DIA75msW83_TT0000309_B-E2_1_14712.d
HeLa_200pg_2ACN01TFA_0015DDM_2uL_VNeo_Aurora15_16_19mv45_DIA75msW83_TT0000310,E:\Data\2026_02\Data,D:\Methods\VNeo\A15\Separation\Testing\19m200nlv45,B:E2,2,HeLa_200pg_2ACN01TFA_0015DDM_2uL_VNeo_Aurora15_16_19mv45_DIA75msW83_TT0000310,D:\Methods\Ultra2Methods\DIA\testing\DIA011RT75expandedrangeW83.proteoscape.m?OtofImpacTEMControl,E:\Data\2026_02\Data\HeLa_200pg_2ACN01TFA_0015DDM_2uL_VNeo_Aurora15_16_19mv45_DIA75msW83_TT0000310_B-E2_1_14713.d
HeLa_1ng_2ACN01TFA_0015DDM_2uL_VNeo_Aurora15_16_19mv45_DIA75msW83_TT0000311,E:\Data\2026_02\Data,D:\Methods\VNeo\A15\Separation\Testing\19m200nlv45,B:D2,2,HeLa_1ng_2ACN01TFA_0015DDM_2uL_VNeo_Aurora15_16_19mv45_DIA75msW83_TT0000311,D:\Methods\Ultra2Methods\DIA\testing\DIA011RT75expandedrangeW83.proteoscape.m?OtofImpacTEMControl,E:\Data\2026_02\Data\HeLa_1ng_2ACN01TFA_0015DDM_2uL_VNeo_Aurora15_16_19mv45_DIA75msW83_TT0000311_B-D2_1_14714.d
HeLa_5ng_2ACN01TFA_0015DDM_2uL_VNeo_Aurora15_16_19mv45_DIA75msW83_TT0000312,E:\Data\2026_02\Data,D:\Methods\VNeo\A15\Separation\Testing\19m200nlv45,B:C2,2,HeLa_5ng_2ACN01TFA_0015DDM_2uL_VNeo_Aurora15_16_19mv45_DIA75msW83_TT0000312,D:\Methods\Ultra2Methods\DIA\testing\DIA011RT75expandedrangeW83.proteoscape.m?OtofImpacTEMControl,E:\Data\2026_02\Data\HeLa_5ng_2ACN01TFA_0015DDM_2uL_VNeo_Aurora15_16_19mv45_DIA75msW83_TT0000312_B-C2_1_14715.d
Blank_2ACN01TFA_0015DDM_2uL_VNeo_Aurora15_16_19mv45_DIA75msW83_TT0000313,E:\Data\2026_02\Data,D:\Methods\VNeo\A15\Separation\Testing\19m200nlv45,B:C12,2,Blank_2ACN01TFA_0015DDM_2uL_VNeo_Aurora15_16_19mv45_DIA75msW83_TT0000313,D:\Methods\Ultra2Methods\DIA\testing\DIA011RT75expandedrangeW83.proteoscape.m?OtofImpacTEMControl,E:\Data\2026_02\Data\Blank_2ACN01TFA_0015DDM_2uL_VNeo_Aurora15_16_19mv45_DIA75msW83_TT0000313_B-C12_1_14716.d
HeLa_20ng_2ACN01TFA_0015DDM_2uL_VNeo_Aurora15_16_19mv45_DIA75msW83_TT0000314,E:\Data\2026_02\Data,D:\Methods\VNeo\A15\Separation\Testing\19m200nlv45,B:B2,2,HeLa_20ng_2ACN01TFA_0015DDM_2uL_VNeo_Aurora15_16_19mv45_DIA75msW83_TT0000314,D:\Methods\Ultra2Methods\DIA\testing\DIA011RT75expandedrangeW83.proteoscape.m?OtofImpacTEMControl,E:\Data\2026_02\Data\HeLa_20ng_2ACN01TFA_0015DDM_2uL_VNeo_Aurora15_16_19mv45_DIA75msW83_TT0000314_B-B2_1_14717.d
Blank_2ACN01TFA_0015DDM_2uL_VNeo_Aurora15_16_19mv45_DIA75msW83_TT0000315,E:\Data\2026_02\Data,D:\Methods\VNeo\A15\Separation\Testing\19m200nlv45,B:C12,2,Blank_2ACN01TFA_0015DDM_2uL_VNeo_Aurora15_16_19mv45_DIA75msW83_TT0000315,D:\Methods\Ultra2Methods\DIA\testing\DIA011RT75expandedrangeW83.proteoscape.m?OtofImpacTEMControl,E:\Data\2026_02\Data\Blank_2ACN01TFA_0015DDM_2uL_VNeo_Aurora15_16_19mv45_DIA75msW83_TT0000315_B-C12_1_14718.d
HeLa_50ng_2ACN01TFA_0015DDM_2uL_VNeo_Aurora15_16_19mv45_DIA75msW83_TT0000316,E:\Data\2026_02\Data,D:\Methods\VNeo\A15\Separation\Testing\19m200nlv45,B:A2,2,HeLa_50ng_2ACN01TFA_0015DDM_2uL_VNeo_Aurora15_16_19mv45_DIA75msW83_TT0000316,D:\Methods\Ultra2Methods\DIA\testing\DIA011RT75expandedrangeW83.proteoscape.m?OtofImpacTEMControl,E:\Data\2026_02\Data\HeLa_50ng_2ACN01TFA_0015DDM_2uL_VNeo_Aurora15_16_19mv45_DIA75msW83_TT0000316_B-A2_1_14719.d
Blank_2ACN01TFA_0015DDM_2uL_VNeo_Aurora15_16_19mv45_DIA75msW83_TT0000317,E:\Data\2026_02\Data,D:\Methods\VNeo\A15\Separation\Testing\19m200nlv45,B:C12,2,Blank_2ACN01TFA_0015DDM_2uL_VNeo_Aurora15_16_19mv45_DIA75msW83_TT0000317,D:\Methods\Ultra2Methods\DIA\testing\DIA011RT75expandedrangeW83.proteoscape.m?OtofImpacTEMControl,E:\Data\2026_02\Data\Blank_2ACN01TFA_0015DDM_2uL_VNeo_Aurora15_16_19mv45_DIA75msW83_TT0000317_B-C12_1_14720.d
CC25_TT0000318,E:\Data\2026_02\Wash,D:\Methods\VNeo\A15\Wash\Blank7m650nlML11mA15,B:D12,2,CC25_TT0000318,D:\Methods\Ultra2Methods\MS1\MS1001.m?OtofImpacTEMControl,E:\Data\2026_02\Wash\CC25_TT0000318_B-D12_1_14721.d
HeLa_100pg_2ACN01TFA_0015DDM_1uL_VNeo_Aurora15_16_19mv45_DIA75msW83_TT0000319,E:\Data\2026_02\Data,D:\Methods\VNeo\A15\Separation\Testing\19m200nlv45,B:E2,1,HeLa_100pg_2ACN01TFA_0015DDM_1uL_VNeo_Aurora15_16_19mv45_DIA75msW83_TT0000319,D:\Methods\Ultra2Methods\DIA\testing\DIA011RT75expandedrangeW83.proteoscape.m?OtofImpacTEMControl,E:\Data\2026_02\Data\HeLa_100pg_2ACN01TFA_0015DDM_1uL_VNeo_Aurora15_16_19mv45_DIA75msW83_TT0000319_B-E2_1_14722.d
HeLa_200pg_2ACN01TFA_0015DDM_2uL_VNeo_Aurora15_16_19mv45_DIA75msW83_TT0000320,E:\Data\2026_02\Data,D:\Methods\VNeo\A15\Separation\Testing\19m200nlv45,B:E2,2,HeLa_200pg_2ACN01TFA_0015DDM_2uL_VNeo_Aurora15_16_19mv45_DIA75msW83_TT0000320,D:\Methods\Ultra2Methods\DIA\testing\DIA011RT75expandedrangeW83.proteoscape.m?OtofImpacTEMControl,E:\Data\2026_02\Data\HeLa_200pg_2ACN01TFA_0015DDM_2uL_VNeo_Aurora15_16_19mv45_DIA75msW83_TT0000320_B-E2_1_14723.d
HeLa_1ng_2ACN01TFA_0015DDM_2uL_VNeo_Aurora15_16_19mv45_DIA75msW83_TT0000321,E:\Data\2026_02\Data,D:\Methods\VNeo\A15\Separation\Testing\19m200nlv45,B:D2,2,HeLa_1ng_2ACN01TFA_0015DDM_2uL_VNeo_Aurora15_16_19mv45_DIA75msW83_TT0000321,D:\Methods\Ultra2Methods\DIA\testing\DIA011RT75expandedrangeW83.proteoscape.m?OtofImpacTEMControl,E:\Data\2026_02\Data\HeLa_1ng_2ACN01TFA_0015DDM_2uL_VNeo_Aurora15_16_19mv45_DIA75msW83_TT0000321_B-D2_1_14724.d
HeLa_5ng_2ACN01TFA_0015DDM_2uL_VNeo_Aurora15_16_19mv45_DIA75msW83_TT0000322,E:\Data\2026_02\Data,D:\Methods\VNeo\A15\Separation\Testing\19m200nlv45,B:C2,2,HeLa_5ng_2ACN01TFA_0015DDM_2uL_VNeo_Aurora15_16_19mv45_DIA75msW83_TT0000322,D:\Methods\Ultra2Methods\DIA\testing\DIA011RT75expandedrangeW83.proteoscape.m?OtofImpacTEMControl,E:\Data\2026_02\Data\HeLa_5ng_2ACN01TFA_0015DDM_2uL_VNeo_Aurora15_16_19mv45_DIA75msW83_TT0000322_B-C2_1_14725.d
Blank_2ACN01TFA_0015DDM_2uL_VNeo_Aurora15_16_19mv45_DIA75msW83_TT0000323,E:\Data\2026_02\Data,D:\Methods\VNeo\A15\Separation\Testing\19m200nlv45,B:B9,2,Blank_2ACN01TFA_0015DDM_2uL_VNeo_Aurora15_16_19mv45_DIA75msW83_TT0000323,D:\Methods\Ultra2Methods\DIA\testing\DIA011RT75expandedrangeW83.proteoscape.m?OtofImpacTEMControl,E:\Data\2026_02\Data\Blank_2ACN01TFA_0015DDM_2uL_VNeo_Aurora15_16_19mv45_DIA75msW83_TT0000323_B-B9_1_14726.d
HeLa_20ng_2ACN01TFA_0015DDM_2uL_VNeo_Aurora15_16_19mv45_DIA75msW83_TT0000324,E:\Data\2026_02\Data,D:\Methods\VNeo\A15\Separation\Testing\19m200nlv45,B:B2,2,HeLa_20ng_2ACN01TFA_0015DDM_2uL_VNeo_Aurora15_16_19mv45_DIA75msW83_TT0000324,D:\Methods\Ultra2Methods\DIA\testing\DIA011RT75expandedrangeW83.proteoscape.m?OtofImpacTEMControl,E:\Data\2026_02\Data\HeLa_20ng_2ACN01TFA_0015DDM_2uL_VNeo_Aurora15_16_19mv45_DIA75msW83_TT0000324_B-B2_1_14727.d
Blank_2ACN01TFA_0015DDM_2uL_VNeo_Aurora15_16_19mv45_DIA75msW83_TT0000325,E:\Data\2026_02\Data,D:\Methods\VNeo\A15\Separation\Testing\19m200nlv45,B:B9,2,Blank_2ACN01TFA_0015DDM_2uL_VNeo_Aurora15_16_19mv45_DIA75msW83_TT0000325,D:\Methods\Ultra2Methods\DIA\testing\DIA011RT75expandedrangeW83.proteoscape.m?OtofImpacTEMControl,E:\Data\2026_02\Data\Blank_2ACN01TFA_0015DDM_2uL_VNeo_Aurora15_16_19mv45_DIA75msW83_TT0000325_B-B9_1_14728.d
HeLa_50ng_2ACN01TFA_0015DDM_2uL_VNeo_Aurora15_16_19mv45_DIA75msW83_TT0000326,E:\Data\2026_02\Data,D:\Methods\VNeo\A15\Separation\Testing\19m200nlv45,B:A2,2,HeLa_50ng_2ACN01TFA_0015DDM_2uL_VNeo_Aurora15_16_19mv45_DIA75msW83_TT0000326,D:\Methods\Ultra2Methods\DIA\testing\DIA011RT75expandedrangeW83.proteoscape.m?OtofImpacTEMControl,E:\Data\2026_02\Data\HeLa_50ng_2ACN01TFA_0015DDM_2uL_VNeo_Aurora15_16_19mv45_DIA75msW83_TT0000326_B-A2_1_14729.d
Blank_2ACN01TFA_0015DDM_2uL_VNeo_Aurora15_16_19mv45_DIA75msW83_TT0000327,E:\Data\2026_02\Data,D:\Methods\VNeo\A15\Separation\Testing\19m200nlv45,B:B9,2,Blank_2ACN01TFA_0015DDM_2uL_VNeo_Aurora15_16_19mv45_DIA75msW83_TT0000327,D:\Methods\Ultra2Methods\DIA\testing\DIA011RT75expandedrangeW83.proteoscape.m?OtofImpacTEMControl,E:\Data\2026_02\Data\Blank_2ACN01TFA_0015DDM_2uL_VNeo_Aurora15_16_19mv45_DIA75msW83_TT0000327_B-B9_1_14730.d
CC25_TT0000328,E:\Data\2026_02\Wash,D:\Methods\VNeo\A15\Wash\Blank7m650nlML11mA15,B:D12,2,CC25_TT0000328,D:\Methods\Ultra2Methods\MS1\MS1001.m?OtofImpacTEMControl,E:\Data\2026_02\Wash\CC25_TT0000328_B-D12_1_14731.d
HeLa_5ng_2ACN01TFA_0015DDM_1uL_VNeo_Aurora15_16_19mv45_DIA50msW122_TT0000329,E:\Data\2026_02\Data,D:\Methods\VNeo\A15\Separation\Testing\19m200nlv45,B:F2,1,HeLa_5ng_2ACN01TFA_0015DDM_1uL_VNeo_Aurora15_16_19mv45_DIA50msW122_TT0000329,D:\Methods\Ultra2Methods\DIA\testing\Test\DIA50msW122.m?OtofImpacTEMControl,E:\Data\2026_02\Data\HeLa_5ng_2ACN01TFA_0015DDM_1uL_VNeo_Aurora15_16_19mv45_DIA50msW122_TT0000329_B-F2_1_14732.d
HeLa_5ng_2ACN01TFA_0015DDM_1uL_VNeo_Aurora15_16_19mv45_DIA50msW122C2_TT0000330,E:\Data\2026_02\Data,D:\Methods\VNeo\A15\Separation\Testing\19m200nlv45,B:F2,1,HeLa_5ng_2ACN01TFA_0015DDM_1uL_VNeo_Aurora15_16_19mv45_DIA50msW122C2_TT0000330,D:\Methods\Ultra2Methods\DIA\testing\Test\DIA50msW122_C2.m?OtofImpacTEMControl,E:\Data\2026_02\Data\HeLa_5ng_2ACN01TFA_0015DDM_1uL_VNeo_Aurora15_16_19mv45_DIA50msW122C2_TT0000330_B-F2_1_14733.d
HeLa_5ng_2ACN01TFA_0015DDM_1uL_VNeo_Aurora15_16_19mv45_DIA50msW102C2_TT0000331,E:\Data\2026_02\Data,D:\Methods\VNeo\A15\Separation\Testing\19m200nlv45,B:F2,1,HeLa_5ng_2ACN01TFA_0015DDM_1uL_VNeo_Aurora15_16_19mv45_DIA50msW10C2_TT0000331,D:\Methods\Ultra2Methods\DIA\testing\Test\DIA60msW102_C2.m?OtofImpacTEMControl,E:\Data\2026_02\Data\HeLa_5ng_2ACN01TFA_0015DDM_1uL_VNeo_Aurora15_16_19mv45_DIA50msW10C2_TT0000331_B-F2_1_14734.d
HeLa_5ng_2ACN01TFA_0015DDM_1uL_VNeo_Aurora15_16_19mv45_DIA560msW102_TT0000332,E:\Data\2026_02\Data,D:\Methods\VNeo\A15\Separation\Testing\19m200nlv45,B:F2,1,HeLa_5ng_2ACN01TFA_0015DDM_1uL_VNeo_Aurora15_16_19mv45_DIA560msW102_TT0000332,D:\Methods\Ultra2Methods\DIA\testing\Test\DIA60msW102.m?OtofImpacTEMControl,E:\Data\2026_02\Data\HeLa_5ng_2ACN01TFA_0015DDM_1uL_VNeo_Aurora15_16_19mv45_DIA560msW102_TT0000332_B-F2_1_14735.d
HeLa_5ng_2ACN01TFA_0015DDM_1uL_VNeo_Aurora15_16_19mv45_DIA560msW82_TT0000333,E:\Data\2026_02\Data,D:\Methods\VNeo\A15\Separation\Testing\19m200nlv45,B:F2,1,HeLa_5ng_2ACN01TFA_0015DDM_1uL_VNeo_Aurora15_16_19mv45_DIA560msW82_TT0000333,D:\Methods\Ultra2Methods\DIA\testing\Test\DIA75msW82.m?OtofImpacTEMControl,E:\Data\2026_02\Data\HeLa_5ng_2ACN01TFA_0015DDM_1uL_VNeo_Aurora15_16_19mv45_DIA560msW82_TT0000333_B-F2_1_14736.d
HeLa_5ng_2ACN01TFA_0015DDM_1uL_VNeo_Aurora15_16_19mv45_DIA560msW82_C2_TT0000334,E:\Data\2026_02\Data,D:\Methods\VNeo\A15\Separation\Testing\19m200nlv45,B:F2,1,HeLa_5ng_2ACN01TFA_0015DDM_1uL_VNeo_Aurora15_16_19mv45_DIA560msW82_C2_TT0000334,D:\Methods\Ultra2Methods\DIA\testing\Test\DIA75msW82_C2.m?OtofImpacTEMControl,E:\Data\2026_02\Data\HeLa_5ng_2ACN01TFA_0015DDM_1uL_VNeo_Aurora15_16_19mv45_DIA560msW82_C2_TT0000334_B-F2_1_14737.d
HeLa_5ng_2ACN01TFA_0015DDM_1uL_VNeo_Aurora15_16_19mv45_DIA560msW83_C2_TT0000335,E:\Data\2026_02\Data,D:\Methods\VNeo\A15\Separation\Testing\19m200nlv45,B:F2,1,HeLa_5ng_2ACN01TFA_0015DDM_1uL_VNeo_Aurora15_16_19mv45_DIA560msW83_C2_TT0000335,D:\Methods\Ultra2Methods\DIA\testing\Test\DIA75msW83_C2.m?OtofImpacTEMControl,E:\Data\2026_02\Data\HeLa_5ng_2ACN01TFA_0015DDM_1uL_VNeo_Aurora15_16_19mv45_DIA560msW83_C2_TT0000335_B-F2_1_14738.d
HeLa_5ng_2ACN01TFA_0015DDM_1uL_VNeo_Aurora15_16_19mv45_DIA560msW83_C2_TT0000336,E:\Data\2026_02\Data,D:\Methods\VNeo\A15\Separation\Testing\19m200nlv45,B:F2,1,HeLa_5ng_2ACN01TFA_0015DDM_1uL_VNeo_Aurora15_16_19mv45_DIA560msW83_TT0000336,D:\Methods\Ultra2Methods\DIA\testing\DIA011RT75expandedrangeW83.proteoscape.m?OtofImpacTEMControl,E:\Data\2026_02\Data\HeLa_5ng_2ACN01TFA_0015DDM_1uL_VNeo_Aurora15_16_19mv45_DIA560msW83_TT0000336_B-F2_1_14739.d
CC25_TT0000337,E:\Data\2026_02\Wash,D:\Methods\VNeo\A15\Wash\Blank7m650nlML11mA15,B:E8,2,CC25_TT0000337,D:\Methods\Ultra2Methods\MS1\MS1001.m?OtofImpacTEMControl,E:\Data\2026_02\Wash\CC25_TT0000337_B-E8_1_14740.d
iSGZT4_50ng_Prot_R1_FIRI006_19mv45_DIA75msW83_TT0000338,E:\Data\2026_02\Data,D:\Methods\VNeo\A15\Separation\Testing\19m200nlv45,B:G1,2,iSGZT4_50ng_Prot_R1_FIRI006_19mv45_DIA75msW83_TT0000338,D:\Methods\Ultra2Methods\DIA\testing\DIA011RT75expandedrangeW83.proteoscape.m?OtofImpacTEMControl,E:\Data\2026_02\Data\iSGZT4_50ng_Prot_R1_FIRI006_19mv45_DIA75msW83_TT0000338_B-F2_1_14741.d
CC25_TT0000339,E:\Data\2026_02\Wash,D:\Methods\VNeo\A15\Wash\Blank7m650nlML11mA15,B:E8,2,CC25_TT0000339,D:\Methods\Ultra2Methods\MS1\MS1001.m?OtofImpacTEMControl,E:\Data\2026_02\Wash\CC25_TT0000339_B-G1_1_14742.d
iSGZT16_50ng_Prot_R1_FIRI006_19mv45_DIA75msW83_TT0000340,E:\Data\2026_02\Data,D:\Methods\VNeo\A15\Separation\Testing\19m200nlv45,B:H1,2,iSGZT16_50ng_Prot_R1_FIRI006_19mv45_DIA75msW83_TT0000340,D:\Methods\Ultra2Methods\DIA\testing\DIA011RT75expandedrangeW83.proteoscape.m?OtofImpacTEMControl,E:\Data\2026_02\Data\iSGZT16_50ng_Prot_R1_FIRI006_19mv45_DIA75msW83_TT0000340_B-F2_1_14743.d
CC25_TT0000341,E:\Data\2026_02\Wash,D:\Methods\VNeo\A15\Wash\Blank7m650nlML11mA15,B:E8,2,CC25_TT0000341,D:\Methods\Ultra2Methods\MS1\MS1001.m?OtofImpacTEMControl,E:\Data\2026_02\Wash\CC25_TT0000341_B-H1_1_14744.d
HeLa_50ng_2ACN01TFA_0015DDM_2uL_VNeo_Aurora15_16_19mv45_DIA75msW83_TT0000342,E:\Data\2026_02\Data,D:\Methods\VNeo\A15\Separation\Testing\19m200nlv45,B:A3,2,HeLa_50ng_2ACN01TFA_0015DDM_2uL_VNeo_Aurora15_16_19mv45_DIA75msW83_TT0000342,D:\Methods\Ultra2Methods\DIA\testing\DIA011RT75expandedrangeW83.proteoscape.m?OtofImpacTEMControl,E:\Data\2026_02\Data\HeLa_50ng_2ACN01TFA_0015DDM_2uL_VNeo_Aurora15_16_19mv45_DIA75msW83_TT0000342_B-A3_1_14745.d
Blank_2ACN01TFA_0015DDM_2uL_VNeo_Aurora15_16_19mv45_DIA75msW83_TT0000343,E:\Data\2026_02\Data,D:\Methods\VNeo\A15\Separation\Testing\19m200nlv45,B:B9,2,Blank_2ACN01TFA_0015DDM_2uL_VNeo_Aurora15_16_19mv45_DIA75msW83_TT0000343,D:\Methods\Ultra2Methods\DIA\testing\DIA011RT75expandedrangeW83.proteoscape.m?OtofImpacTEMControl,E:\Data\2026_02\Data\Blank_2ACN01TFA_0015DDM_2uL_VNeo_Aurora15_16_19mv45_DIA75msW83_TT0000343_B-B9_1_14746.d
HeLa_50ng_2ACN01TFA_0015DDM_2uL_VNeo_Aurora15_16_19mv45_DIA75msW83_TT0000344,E:\Data\2026_02\Data,D:\Methods\VNeo\A15\Separation\Testing\19m200nlv45,B:A3,2,HeLa_50ng_2ACN01TFA_0015DDM_2uL_VNeo_Aurora15_16_19mv45_DIA75msW83_TT0000344,D:\Methods\Ultra2Methods\DIA\testing\DIA011RT75expandedrangeW83.proteoscape.m?OtofImpacTEMControl,E:\Data\2026_02\Data\HeLa_50ng_2ACN01TFA_0015DDM_2uL_VNeo_Aurora15_16_19mv45_DIA75msW83_TT0000344_B-A3_1_14747.d
CC25_2uL_TT0000345,E:\Data\2026_02\Wash,D:\Methods\VNeo\A15\Wash\Blank7m650nlML11mA15,B:E8,2,CC25_2uL_TT0000345,D:\Methods\Ultra2Methods\DIA\testing\DIA011RT75expandedrangeW83.proteoscape.m?OtofImpacTEMControl,E:\Data\2026_02\Data\CC25_2uL_TT0000345_B-E8_1_14748.d
Blank_2ACN01TFA_0015DDM_2uL_VNeo_Aurora15_16_19mv45_DIA75msW83_TT0000346,E:\Data\2026_02\Data,D:\Methods\VNeo\A15\Separation\Testing\19m200nlv45,B:B9,2,Blank_2ACN01TFA_0015DDM_2uL_VNeo_Aurora15_16_19mv45_DIA75msW83_TT0000346,D:\Methods\Ultra2Methods\DIA\testing\DIA011RT75expandedrangeW83.proteoscape.m?OtofImpacTEMControl,E:\Data\2026_02\Data\Blank_2ACN01TFA_0015DDM_2uL_VNeo_Aurora15_16_19mv45_DIA75msW83_TT0000346_B-B9_1_14749.d
HeLa_50ng_2ACN01TFA_0015DDM_2uL_VNeo_Aurora15_16_19mv45_DIA75msW83_TT0000347,E:\Data\2026_02\Data,D:\Methods\VNeo\A15\Separation\Testing\19m200nlv45,B:A3,2,HeLa_50ng_2ACN01TFA_0015DDM_2uL_VNeo_Aurora15_16_19mv45_DIA75msW83_TT0000347,D:\Methods\Ultra2Methods\DIA\testing\DIA011RT75expandedrangeW83.proteoscape.m?OtofImpacTEMControl,E:\Data\2026_02\Data\HeLa_50ng_2ACN01TFA_0015DDM_2uL_VNeo_Aurora15_16_19mv45_DIA75msW83_TT0000347_B-A3_1_14750.d
CC25_2uL_2mWash_TT0000348,E:\Data\2026_02\Wash,D:\Methods\VNeo\A15\Separation\Testing\Blank650nlML2mA15,B:E8,2,CC25_2uL_2mWash_TT0000348,D:\Methods\Ultra2Methods\DIA\testing\DIA011RT75expandedrangeW83.proteoscape.m?OtofImpacTEMControl,E:\Data\2026_02\Data\CC25_2uL_2mWash_TT0000348_B-E8_1_14751.d
Blank_2ACN01TFA_0015DDM_2uL_VNeo_Aurora15_16_19mv45_DIA75msW83_TT0000349,E:\Data\2026_02\Data,D:\Methods\VNeo\A15\Separation\Testing\19m200nlv45,B:B9,2,Blank_2ACN01TFA_0015DDM_2uL_VNeo_Aurora15_16_19mv45_DIA75msW83_TT0000349,D:\Methods\Ultra2Methods\DIA\testing\DIA011RT75expandedrangeW83.proteoscape.m?OtofImpacTEMControl,E:\Data\2026_02\Data\Blank_2ACN01TFA_0015DDM_2uL_VNeo_Aurora15_16_19mv45_DIA75msW83_TT0000349_B-B9_1_14752.d
HeLa_50ng_2ACN01TFA_0015DDM_2uL_VNeo_Aurora15_16_19mv45_DIA75msW83_TT0000349,E:\Data\2026_02\Data,D:\Methods\VNeo\A15\Separation\Testing\19m200nlv45,B:A3,2,HeLa_50ng_2ACN01TFA_0015DDM_2uL_VNeo_Aurora15_16_19mv45_DIA75msW83_TT0000349,D:\Methods\Ultra2Methods\DIA\testing\DIA011RT75expandedrangeW83.proteoscape.m?OtofImpacTEMControl,E:\Data\2026_02\Data\HeLa_50ng_2ACN01TFA_0015DDM_2uL_VNeo_Aurora15_16_19mv45_DIA75msW83_TT0000349_B-A3_1_14753.d
CC25_2uL_5p5mWash_TT0000350,E:\Data\2026_02\Wash,D:\Methods\VNeo\A15\Separation\Testing\Blank650nlML5p5A15,B:E8,2,CC25_2uL_5p5mWash_TT0000350,D:\Methods\Ultra2Methods\DIA\testing\DIA011RT75expandedrangeW83.proteoscape.m?OtofImpacTEMControl,E:\Data\2026_02\Data\CC25_2uL_5p5mWash_TT0000350_B-E8_1_14754.d
Blank_2ACN01TFA_0015DDM_2uL_VNeo_Aurora15_16_19mv45_DIA75msW83_TT0000351,E:\Data\2026_02\Data,D:\Methods\VNeo\A15\Separation\Testing\19m200nlv45,B:B9,2,Blank_2ACN01TFA_0015DDM_2uL_VNeo_Aurora15_16_19mv45_DIA75msW83_TT0000351,D:\Methods\Ultra2Methods\DIA\testing\DIA011RT75expandedrangeW83.proteoscape.m?OtofImpacTEMControl,E:\Data\2026_02\Data\Blank_2ACN01TFA_0015DDM_2uL_VNeo_Aurora15_16_19mv45_DIA75msW83_TT0000351_B-B9_1_14755.d
HeLa_50ng_2ACN01TFA_0015DDM_2uL_VNeo_Aurora15_16_19mv45_DIA75msW83_TT0000352,E:\Data\2026_02\Data,D:\Methods\VNeo\A15\Separation\Testing\19m200nlv45,B:A3,2,HeLa_50ng_2ACN01TFA_0015DDM_2uL_VNeo_Aurora15_16_19mv45_DIA75msW83_TT0000352,D:\Methods\Ultra2Methods\DIA\testing\DIA011RT75expandedrangeW83.proteoscape.m?OtofImpacTEMControl,E:\Data\2026_02\Data\HeLa_50ng_2ACN01TFA_0015DDM_2uL_VNeo_Aurora15_16_19mv45_DIA75msW83_TT0000352_B-A3_1_14756.d
CC25_2uL_7p5mWash_TT0000353,E:\Data\2026_02\Wash,D:\Methods\VNeo\A15\Separation\Testing\Blank650nlML7p5A15,B:E8,2,CC25_2uL_7p5mWash_TT0000353,D:\Methods\Ultra2Methods\DIA\testing\DIA011RT75expandedrangeW83.proteoscape.m?OtofImpacTEMControl,E:\Data\2026_02\Data\CC25_2uL_7p5mWash_TT0000353_B-E8_1_14757.d
Blank_2ACN01TFA_0015DDM_2uL_VNeo_Aurora15_16_19mv45_DIA75msW83_TT0000354,E:\Data\2026_02\Data,D:\Methods\VNeo\A15\Separation\Testing\19m200nlv45,B:B9,2,Blank_2ACN01TFA_0015DDM_2uL_VNeo_Aurora15_16_19mv45_DIA75msW83_TT0000354,D:\Methods\Ultra2Methods\DIA\testing\DIA011RT75expandedrangeW83.proteoscape.m?OtofImpacTEMControl,E:\Data\2026_02\Data\Blank_2ACN01TFA_0015DDM_2uL_VNeo_Aurora15_16_19mv45_DIA75msW83_TT0000354_B-B9_1_14758.d
HeLa_50ng_2ACN01TFA_0015DDM_2uL_VNeo_Aurora15_16_19mv45_DIA75msW83_TT0000355,E:\Data\2026_02\Data,D:\Methods\VNeo\A15\Separation\Testing\19m200nlv45,B:A3,2,HeLa_50ng_2ACN01TFA_0015DDM_2uL_VNeo_Aurora15_16_19mv45_DIA75msW83_TT0000355,D:\Methods\Ultra2Methods\DIA\testing\DIA011RT75expandedrangeW83.proteoscape.m?OtofImpacTEMControl,E:\Data\2026_02\Data\HeLa_50ng_2ACN01TFA_0015DDM_2uL_VNeo_Aurora15_16_19mv45_DIA75msW83_TT0000355_B-A3_1_14759.d
CC25_2uL_ZebraWash8m_TT0000356,E:\Data\2026_02\Wash,D:\Methods\VNeo\A15\Separation\Testing\Zebrawash8mA15,B:E8,2,CC25_2uL_ZebraWash8m_TT0000356,D:\Methods\Ultra2Methods\DIA\testing\DIA011RT75expandedrangeW83.proteoscape.m?OtofImpacTEMControl,E:\Data\2026_02\Data\CC25_2uL_ZebraWash8m_TT0000356_B-E8_1_14760.d
Blank_2ACN01TFA_0015DDM_2uL_VNeo_Aurora15_16_19mv45_DIA75msW83_TT0000357,E:\Data\2026_02\Data,D:\Methods\VNeo\A15\Separation\Testing\19m200nlv45,B:B9,2,Blank_2ACN01TFA_0015DDM_2uL_VNeo_Aurora15_16_19mv45_DIA75msW83_TT0000357,D:\Methods\Ultra2Methods\DIA\testing\DIA011RT75expandedrangeW83.proteoscape.m?OtofImpacTEMControl,E:\Data\2026_02\Data\Blank_2ACN01TFA_0015DDM_2uL_VNeo_Aurora15_16_19mv45_DIA75msW83_TT0000357_B-B9_1_14761.d
HeLa_50ng_2ACN01TFA_0015DDM_2uL_VNeo_Aurora15_16_21mv51Zebra_DIA75msW83_TT0000358,E:\Data\2026_02\Data,D:\Methods\VNeo\A15\Separation\Testing\21m200nlv51Zebrawash,B:A3,2,HeLa_50ng_2ACN01TFA_0015DDM_2uL_VNeo_Aurora15_16_21mv51Zebra_DIA75msW83_TT0000358,D:\Methods\Ultra2Methods\DIA\testing\DIA011RT75expandedrangeW83.proteoscape.m?OtofImpacTEMControl,E:\Data\2026_02\Data\HeLa_50ng_2ACN01TFA_0015DDM_2uL_VNeo_Aurora15_16_21mv51Zebra_DIA75msW83_TT0000358_B-A3_1_14762.d
Blank_2ACN01TFA_0015DDM_2uL_VNeo_Aurora15_16_19mv45_DIA75msW83_TT0000359,E:\Data\2026_02\Data,D:\Methods\VNeo\A15\Separation\Testing\19m200nlv45,B:B9,2,Blank_2ACN01TFA_0015DDM_2uL_VNeo_Aurora15_16_19mv45_DIA75msW83_TT0000359,D:\Methods\Ultra2Methods\DIA\testing\DIA011RT75expandedrangeW83.proteoscape.m?OtofImpacTEMControl,E:\Data\2026_02\Data\Blank_2ACN01TFA_0015DDM_2uL_VNeo_Aurora15_16_19mv45_DIA75msW83_TT0000359_B-B9_1_14763.d
HeLa_50ng_2ACN01TFA_0015DDM_2uL_VNeo_Aurora15_16_23mv52Zebra_DIA75msW83_TT0000360,E:\Data\2026_02\Data,D:\Methods\VNeo\A15\Separation\Testing\23m200nlv52Zebrawash,B:A3,2,HeLa_50ng_2ACN01TFA_0015DDM_2uL_VNeo_Aurora15_16_23mv52Zebra_DIA75msW83_TT0000360,D:\Methods\Ultra2Methods\DIA\testing\DIA011RT75expandedrangeW83.proteoscape.m?OtofImpacTEMControl,E:\Data\2026_02\Data\HeLa_50ng_2ACN01TFA_0015DDM_2uL_VNeo_Aurora15_16_23mv52Zebra_DIA75msW83_TT0000360_B-A3_1_14764.d
Blank_2ACN01TFA_0015DDM_2uL_VNeo_Aurora15_16_19mv45_DIA75msW83_TT0000361,E:\Data\2026_02\Data,D:\Methods\VNeo\A15\Separation\Testing\19m200nlv45,B:B9,2,Blank_2ACN01TFA_0015DDM_2uL_VNeo_Aurora15_16_19mv45_DIA75msW83_TT0000361,D:\Methods\Ultra2Methods\DIA\testing\DIA011RT75expandedrangeW83.proteoscape.m?OtofImpacTEMControl,E:\Data\2026_02\Data\Blank_2ACN01TFA_0015DDM_2uL_VNeo_Aurora15_16_19mv45_DIA75msW83_TT0000361_B-B9_1_14765.d
HeLa_50ng_2ACN01TFA_0015DDM_2uL_VNeo_Aurora15_16_19mv50B_DIA75msW83_TT0000362,E:\Data\2026_02\Data,D:\Methods\VNeo\A15\Separation\Testing\19m200nlv45wash50B,B:A3,2,HeLa_50ng_2ACN01TFA_0015DDM_2uL_VNeo_Aurora15_16_19mv50B_DIA75msW83_TT0000362,D:\Methods\Ultra2Methods\DIA\testing\DIA011RT75expandedrangeW83.proteoscape.m?OtofImpacTEMControl,E:\Data\2026_02\Data\HeLa_50ng_2ACN01TFA_0015DDM_2uL_VNeo_Aurora15_16_19mv50B_DIA75msW83_TT0000362_B-A3_1_14766.d
Blank_2ACN01TFA_0015DDM_2uL_VNeo_Aurora15_16_19mv45_DIA75msW83_TT0000363,E:\Data\2026_02\Data,D:\Methods\VNeo\A15\Separation\Testing\19m200nlv45,B:B9,2,Blank_2ACN01TFA_0015DDM_2uL_VNeo_Aurora15_16_19mv45_DIA75msW83_TT0000363,D:\Methods\Ultra2Methods\DIA\testing\DIA011RT75expandedrangeW83.proteoscape.m?OtofImpacTEMControl,E:\Data\2026_02\Data\Blank_2ACN01TFA_0015DDM_2uL_VNeo_Aurora15_16_19mv45_DIA75msW83_TT0000363_B-B9_1_14767.d
HeLa_50ng_2ACN01TFA_0015DDM_2uL_VNeo_Aurora15_16_19mv650nlwash_DIA75msW83_TT0000364,E:\Data\2026_02\Data,D:\Methods\VNeo\A15\Separation\Testing\19m200nlv45wash650nl,B:A3,2,HeLa_50ng_2ACN01TFA_0015DDM_2uL_VNeo_Aurora15_16_19mv650nlwash_DIA75msW83_TT0000364,D:\Methods\Ultra2Methods\DIA\testing\DIA011RT75expandedrangeW83.proteoscape.m?OtofImpacTEMControl,E:\Data\2026_02\Data\HeLa_50ng_2ACN01TFA_0015DDM_2uL_VNeo_Aurora15_16_19mv650nlwash_DIA75msW83_TT0000364_B-A3_1_14768.d
Blank_2ACN01TFA_0015DDM_2uL_VNeo_Aurora15_16_19mv45_DIA75msW83_TT0000365,E:\Data\2026_02\Data,D:\Methods\VNeo\A15\Separation\Testing\19m200nlv45,B:B9,2,Blank_2ACN01TFA_0015DDM_2uL_VNeo_Aurora15_16_19mv45_DIA75msW83_TT0000365,D:\Methods\Ultra2Methods\DIA\testing\DIA011RT75expandedrangeW83.proteoscape.m?OtofImpacTEMControl,E:\Data\2026_02\Data\Blank_2ACN01TFA_0015DDM_2uL_VNeo_Aurora15_16_19mv45_DIA75msW83_TT0000365_B-B9_1_14769.d
CC25_TT0000366,E:\Data\2026_02\Wash,D:\Methods\VNeo\A15\Wash\Blank7m650nlML11mA15,B:E8,2,CC25_TT0000366,D:\Methods\Ultra2Methods\MS1\MS1001.m?OtofImpacTEMControl,E:\Data\2026_02\Wash\CC25_TT0000366_B-E8_1_14770.d
HeLa_100pg_2ACN01TFA_0015DDM_1uL_VNeo_Aurora15_16_19mv45_DIA50msW122_uncalIM_TT0000267,E:\Data\2026_02\Data,D:\Methods\VNeo\A15\Separation\Testing\19m200nlv45,B:E3,1,HeLa_100pg_2ACN01TFA_0015DDM_1uL_VNeo_Aurora15_16_19mv45_DIA50msW122_uncalIM_TT0000267,D:\Methods\Ultra2Methods\DIA\testing\Test\DIA50msW122.m?OtofImpacTEMControl,E:\Data\2026_02\Data\HeLa_100pg_2ACN01TFA_0015DDM_1uL_VNeo_Aurora15_16_19mv45_DIA50msW122_uncalIM_TT0000267_B-E3_1_14771.d
HeLa_200pg_2ACN01TFA_0015DDM_2uL_VNeo_Aurora15_16_19mv45_DIA50msW122_uncalIM_TT0000268,E:\Data\2026_02\Data,D:\Methods\VNeo\A15\Separation\Testing\19m200nlv45,B:E3,2,HeLa_200pg_2ACN01TFA_0015DDM_2uL_VNeo_Aurora15_16_19mv45_DIA50msW122_uncalIM_TT0000268,D:\Methods\Ultra2Methods\DIA\testing\Test\DIA50msW122.m?OtofImpacTEMControl,E:\Data\2026_02\Data\HeLa_200pg_2ACN01TFA_0015DDM_2uL_VNeo_Aurora15_16_19mv45_DIA50msW122_uncalIM_TT0000268_B-E3_1_14772.d
HeLa_50ng_2ACN01TFA_0015DDM_2uL_VNeo_Aurora15_16_19mv45_DIA50msW122_uncalIM_TT0000269,E:\Data\2026_02\Data,D:\Methods\VNeo\A15\Separation\Testing\19m200nlv45,B:A3,2,HeLa_50ng_2ACN01TFA_0015DDM_2uL_VNeo_Aurora15_16_19mv45_DIA50msW122_uncalIM_TT0000269,D:\Methods\Ultra2Methods\DIA\testing\Test\DIA50msW122.m?OtofImpacTEMControl,E:\Data\2026_02\Data\HeLa_50ng_2ACN01TFA_0015DDM_2uL_VNeo_Aurora15_16_19mv45_DIA50msW122_uncalIM_TT0000269_B-A3_1_14773.d
CC25_TT0000370,E:\Data\2026_02\Wash,D:\Methods\VNeo\A15\Wash\Blank7m650nlML11mA15,B:E8,2,CC25_TT0000370,D:\Methods\Ultra2Methods\MS1\MS1001.m?OtofImpacTEMControl,E:\Data\2026_02\Wash\CC25_TT0000370_B-E8_1_14774.d
CC25_TT0000371,E:\Data\2026_02\Wash,D:\Methods\VNeo\A15\Wash\Blank7m650nlML11mA15,B:A7,2,CC25_TT0000371,D:\Methods\Ultra2Methods\MS1\MS1001.m?OtofImpacTEMControl,E:\Data\2026_02\Wash\CC25_TT0000371_B-A7_1_14775.d
HeLa_100pg_2ACN01TFA_0015DDM_1uL_VNeo_Aurora15_16_19mv45_DIA50msW122_TT0000372,E:\Data\2026_02\Data,D:\Methods\VNeo\A15\Separation\Testing\19m200nlv45,B:E6,1,HeLa_100pg_2ACN01TFA_0015DDM_1uL_VNeo_Aurora15_16_19mv45_DIA50msW122_TT0000372,D:\Methods\Ultra2Methods\DIA\testing\Test\DIA50msW122.m?OtofImpacTEMControl,E:\Data\2026_02\Data\HeLa_100pg_2ACN01TFA_0015DDM_1uL_VNeo_Aurora15_16_19mv45_DIA50msW122_TT0000372_B-E6_1_14776.d
HeLa_200pg_2ACN01TFA_0015DDM_2uL_VNeo_Aurora15_16_19mv45_DIA50msW122_TT0000373,E:\Data\2026_02\Data,D:\Methods\VNeo\A15\Separation\Testing\19m200nlv45,B:E6,2,HeLa_200pg_2ACN01TFA_0015DDM_2uL_VNeo_Aurora15_16_19mv45_DIA50msW122_TT0000373,D:\Methods\Ultra2Methods\DIA\testing\Test\DIA50msW122.m?OtofImpacTEMControl,E:\Data\2026_02\Data\HeLa_200pg_2ACN01TFA_0015DDM_2uL_VNeo_Aurora15_16_19mv45_DIA50msW122_TT0000373_B-E6_1_14777.d
HeLa_1ng_2ACN01TFA_0015DDM_2uL_VNeo_Aurora15_16_19mv45_DIA50msW122_TT0000374,E:\Data\2026_02\Data,D:\Methods\VNeo\A15\Separation\Testing\19m200nlv45,B:D6,2,HeLa_1ng_2ACN01TFA_0015DDM_2uL_VNeo_Aurora15_16_19mv45_DIA50msW122_TT0000374,D:\Methods\Ultra2Methods\DIA\testing\Test\DIA50msW122.m?OtofImpacTEMControl,E:\Data\2026_02\Data\HeLa_1ng_2ACN01TFA_0015DDM_2uL_VNeo_Aurora15_16_19mv45_DIA50msW122_TT0000374_B-D6_1_14778.d
HeLa_5ng_2ACN01TFA_0015DDM_2uL_VNeo_Aurora15_16_19mv45_DIA50msW122_TT0000375,E:\Data\2026_02\Data,D:\Methods\VNeo\A15\Separation\Testing\19m200nlv45,B:C6,2,HeLa_5ng_2ACN01TFA_0015DDM_2uL_VNeo_Aurora15_16_19mv45_DIA50msW122_TT0000375,D:\Methods\Ultra2Methods\DIA\testing\Test\DIA50msW122.m?OtofImpacTEMControl,E:\Data\2026_02\Data\HeLa_5ng_2ACN01TFA_0015DDM_2uL_VNeo_Aurora15_16_19mv45_DIA50msW122_TT0000375_B-C6_1_14779.d
HeLa_20ng_2ACN01TFA_0015DDM_2uL_VNeo_Aurora15_16_19mv45_DIA50msW122_TT0000376,E:\Data\2026_02\Data,D:\Methods\VNeo\A15\Separation\Testing\19m200nlv45,B:B6,2,HeLa_20ng_2ACN01TFA_0015DDM_2uL_VNeo_Aurora15_16_19mv45_DIA50msW122_TT0000376,D:\Methods\Ultra2Methods\DIA\testing\Test\DIA50msW122.m?OtofImpacTEMControl,E:\Data\2026_02\Data\HeLa_20ng_2ACN01TFA_0015DDM_2uL_VNeo_Aurora15_16_19mv45_DIA50msW122_TT0000376_B-B6_1_14780.d
HeLa_50ng_2ACN01TFA_0015DDM_2uL_VNeo_Aurora15_16_19mv45_DIA50msW122_TT0000377,E:\Data\2026_02\Data,D:\Methods\VNeo\A15\Separation\Testing\19m200nlv45,B:A6,2,HeLa_50ng_2ACN01TFA_0015DDM_2uL_VNeo_Aurora15_16_19mv45_DIA50msW122_TT0000377,D:\Methods\Ultra2Methods\DIA\testing\Test\DIA50msW122.m?OtofImpacTEMControl,E:\Data\2026_02\Data\HeLa_50ng_2ACN01TFA_0015DDM_2uL_VNeo_Aurora15_16_19mv45_DIA50msW122_TT0000377_B-A6_1_14781.d
CC25_TT0000378,E:\Data\2026_02\Wash,D:\Methods\VNeo\A15\Wash\Blank7m650nlML11mA15,B:A7,2,CC25_TT0000378,D:\Methods\Ultra2Methods\MS1\MS1001.m?OtofImpacTEMControl,E:\Data\2026_02\Wash\CC25_TT0000378_B-A7_1_14782.d
HeLa_100pg_2ACN01TFA_0015DDM_1uL_VNeo_Aurora15_16_19mv45_DIA50msW122_TT0000379,E:\Data\2026_02\Data,D:\Methods\VNeo\A15\Separation\Testing\19m200nlv45,B:E6,1,HeLa_100pg_2ACN01TFA_0015DDM_1uL_VNeo_Aurora15_16_19mv45_DIA50msW122_TT0000379,D:\Methods\Ultra2Methods\DIA\testing\Test\DIA50msW122.m?OtofImpacTEMControl,E:\Data\2026_02\Data\HeLa_100pg_2ACN01TFA_0015DDM_1uL_VNeo_Aurora15_16_19mv45_DIA50msW122_TT0000379_B-E6_1_14783.d
HeLa_200pg_2ACN01TFA_0015DDM_2uL_VNeo_Aurora15_16_19mv45_DIA50msW122_TT0000380,E:\Data\2026_02\Data,D:\Methods\VNeo\A15\Separation\Testing\19m200nlv45,B:E6,2,HeLa_200pg_2ACN01TFA_0015DDM_2uL_VNeo_Aurora15_16_19mv45_DIA50msW122_TT0000380,D:\Methods\Ultra2Methods\DIA\testing\Test\DIA50msW122.m?OtofImpacTEMControl,E:\Data\2026_02\Data\HeLa_200pg_2ACN01TFA_0015DDM_2uL_VNeo_Aurora15_16_19mv45_DIA50msW122_TT0000380_B-E6_1_14784.d
HeLa_1ng_2ACN01TFA_0015DDM_2uL_VNeo_Aurora15_16_19mv45_DIA50msW122_TT0000381,E:\Data\2026_02\Data,D:\Methods\VNeo\A15\Separation\Testing\19m200nlv45,B:D6,2,HeLa_1ng_2ACN01TFA_0015DDM_2uL_VNeo_Aurora15_16_19mv45_DIA50msW122_TT0000381,D:\Methods\Ultra2Methods\DIA\testing\Test\DIA50msW122.m?OtofImpacTEMControl,E:\Data\2026_02\Data\HeLa_1ng_2ACN01TFA_0015DDM_2uL_VNeo_Aurora15_16_19mv45_DIA50msW122_TT0000381_B-D6_1_14785.d
HeLa_5ng_2ACN01TFA_0015DDM_2uL_VNeo_Aurora15_16_19mv45_DIA50msW122_TT0000382,E:\Data\2026_02\Data,D:\Methods\VNeo\A15\Separation\Testing\19m200nlv45,B:C6,2,HeLa_5ng_2ACN01TFA_0015DDM_2uL_VNeo_Aurora15_16_19mv45_DIA50msW122_TT0000382,D:\Methods\Ultra2Methods\DIA\testing\Test\DIA50msW122.m?OtofImpacTEMControl,E:\Data\2026_02\Data\HeLa_5ng_2ACN01TFA_0015DDM_2uL_VNeo_Aurora15_16_19mv45_DIA50msW122_TT0000382_B-C6_1_14786.d
HeLa_20ng_2ACN01TFA_0015DDM_2uL_VNeo_Aurora15_16_19mv45_DIA50msW122_TT0000383,E:\Data\2026_02\Data,D:\Methods\VNeo\A15\Separation\Testing\19m200nlv45,B:B6,2,HeLa_20ng_2ACN01TFA_0015DDM_2uL_VNeo_Aurora15_16_19mv45_DIA50msW122_TT0000383,D:\Methods\Ultra2Methods\DIA\testing\Test\DIA50msW122.m?OtofImpacTEMControl,E:\Data\2026_02\Data\HeLa_20ng_2ACN01TFA_0015DDM_2uL_VNeo_Aurora15_16_19mv45_DIA50msW122_TT0000383_B-B6_1_14787.d
HeLa_50ng_2ACN01TFA_0015DDM_2uL_VNeo_Aurora15_16_19mv45_DIA50msW122_TT0000384,E:\Data\2026_02\Data,D:\Methods\VNeo\A15\Separation\Testing\19m200nlv45,B:A6,2,HeLa_50ng_2ACN01TFA_0015DDM_2uL_VNeo_Aurora15_16_19mv45_DIA50msW122_TT0000384,D:\Methods\Ultra2Methods\DIA\testing\Test\DIA50msW122.m?OtofImpacTEMControl,E:\Data\2026_02\Data\HeLa_50ng_2ACN01TFA_0015DDM_2uL_VNeo_Aurora15_16_19mv45_DIA50msW122_TT0000384_B-A6_1_14788.d
CC25_TT0000385,E:\Data\2026_02\Wash,D:\Methods\VNeo\A15\Wash\Blank7m650nlML11mA15,B:A7,2,CC25_TT0000385,D:\Methods\Ultra2Methods\MS1\MS1001.m?OtofImpacTEMControl,E:\Data\2026_02\Wash\CC25_TT0000385_B-A7_1_14789.d
HeLa_100pg_2ACN01TFA_0015DDM_1uL_VNeo_Aurora15_16_19mv45_DIA50msW122_TT0000386,E:\Data\2026_02\Data,D:\Methods\VNeo\A15\Separation\Testing\19m200nlv45,B:E6,1,HeLa_100pg_2ACN01TFA_0015DDM_1uL_VNeo_Aurora15_16_19mv45_DIA50msW122_TT0000386,D:\Methods\Ultra2Methods\DIA\testing\Test\DIA50msW122.m?OtofImpacTEMControl,E:\Data\2026_02\Data\HeLa_100pg_2ACN01TFA_0015DDM_1uL_VNeo_Aurora15_16_19mv45_DIA50msW122_TT0000386_B-E6_1_14790.d
HeLa_200pg_2ACN01TFA_0015DDM_2uL_VNeo_Aurora15_16_19mv45_DIA50msW122_TT0000387,E:\Data\2026_02\Data,D:\Methods\VNeo\A15\Separation\Testing\19m200nlv45,B:E6,2,HeLa_200pg_2ACN01TFA_0015DDM_2uL_VNeo_Aurora15_16_19mv45_DIA50msW122_TT0000387,D:\Methods\Ultra2Methods\DIA\testing\Test\DIA50msW122.m?OtofImpacTEMControl,E:\Data\2026_02\Data\HeLa_200pg_2ACN01TFA_0015DDM_2uL_VNeo_Aurora15_16_19mv45_DIA50msW122_TT0000387_B-E6_1_14791.d
HeLa_1ng_2ACN01TFA_0015DDM_2uL_VNeo_Aurora15_16_19mv45_DIA50msW122_TT0000388,E:\Data\2026_02\Data,D:\Methods\VNeo\A15\Separation\Testing\19m200nlv45,B:D6,2,HeLa_1ng_2ACN01TFA_0015DDM_2uL_VNeo_Aurora15_16_19mv45_DIA50msW122_TT0000388,D:\Methods\Ultra2Methods\DIA\testing\Test\DIA50msW122.m?OtofImpacTEMControl,E:\Data\2026_02\Data\HeLa_1ng_2ACN01TFA_0015DDM_2uL_VNeo_Aurora15_16_19mv45_DIA50msW122_TT0000388_B-D6_1_14792.d
HeLa_5ng_2ACN01TFA_0015DDM_2uL_VNeo_Aurora15_16_19mv45_DIA50msW122_TT0000389,E:\Data\2026_02\Data,D:\Methods\VNeo\A15\Separation\Testing\19m200nlv45,B:C6,2,HeLa_5ng_2ACN01TFA_0015DDM_2uL_VNeo_Aurora15_16_19mv45_DIA50msW122_TT0000389,D:\Methods\Ultra2Methods\DIA\testing\Test\DIA50msW122.m?OtofImpacTEMControl,E:\Data\2026_02\Data\HeLa_5ng_2ACN01TFA_0015DDM_2uL_VNeo_Aurora15_16_19mv45_DIA50msW122_TT0000389_B-C6_1_14793.d
HeLa_20ng_2ACN01TFA_0015DDM_2uL_VNeo_Aurora15_16_19mv45_DIA50msW122_TT0000390,E:\Data\2026_02\Data,D:\Methods\VNeo\A15\Separation\Testing\19m200nlv45,B:B6,2,HeLa_20ng_2ACN01TFA_0015DDM_2uL_VNeo_Aurora15_16_19mv45_DIA50msW122_TT0000390,D:\Methods\Ultra2Methods\DIA\testing\Test\DIA50msW122.m?OtofImpacTEMControl,E:\Data\2026_02\Data\HeLa_20ng_2ACN01TFA_0015DDM_2uL_VNeo_Aurora15_16_19mv45_DIA50msW122_TT0000390_B-B6_1_14794.d
HeLa_50ng_2ACN01TFA_0015DDM_2uL_VNeo_Aurora15_16_19mv45_DIA50msW122_TT0000391,E:\Data\2026_02\Data,D:\Methods\VNeo\A15\Separation\Testing\19m200nlv45,B:A6,2,HeLa_50ng_2ACN01TFA_0015DDM_2uL_VNeo_Aurora15_16_19mv45_DIA50msW122_TT0000391,D:\Methods\Ultra2Methods\DIA\testing\Test\DIA50msW122.m?OtofImpacTEMControl,E:\Data\2026_02\Data\HeLa_50ng_2ACN01TFA_0015DDM_2uL_VNeo_Aurora15_16_19mv45_DIA50msW122_TT0000391_B-A6_1_14795.d
CC25_TT0000392,E:\Data\2026_02\Wash,D:\Methods\VNeo\A15\Wash\Blank7m650nlML11mA15,B:A7,2,CC25_TT0000392,D:\Methods\Ultra2Methods\MS1\MS1001.m?OtofImpacTEMControl,E:\Data\2026_02\Wash\CC25_TT0000392_B-A7_1_14796.d
HeLa_100pg_2ACN01TFA_0015DDM_1uL_VNeo_Aurora15_16_19mv45_DIA50msW122v1600_TT0000393,E:\Data\2026_02\Data,D:\Methods\VNeo\A15\Separation\Testing\19m200nlv45,B:E6,1,HeLa_100pg_2ACN01TFA_0015DDM_1uL_VNeo_Aurora15_16_19mv45_DIA50msW122v1600_TT0000393,D:\Methods\Ultra2Methods\DIA\testing\Test\DIA50msW122_1600v.m?OtofImpacTEMControl,E:\Data\2026_02\Data\HeLa_100pg_2ACN01TFA_0015DDM_1uL_VNeo_Aurora15_16_19mv45_DIA50msW122v1600_TT0000393_B-E6_1_14797.d
HeLa_100pg_2ACN01TFA_0015DDM_1uL_VNeo_Aurora15_16_19mv45FR150_DIA50msW122_TT0000394,E:\Data\2026_02\Data,D:\Methods\VNeo\A15\Separation\Testing\19m200nlv45FR150,B:E6,1,HeLa_100pg_2ACN01TFA_0015DDM_1uL_VNeo_Aurora15_16_19mv45FR150_DIA50msW122_TT0000394,D:\Methods\Ultra2Methods\DIA\testing\Test\DIA50msW122.m?OtofImpacTEMControl,E:\Data\2026_02\Data\HeLa_100pg_2ACN01TFA_0015DDM_1uL_VNeo_Aurora15_16_19mv45FR150_DIA50msW122_TT0000394_B-E6_1_14798.d
HeLa_100pg_2ACN01TFA_0015DDM_1uL_VNeo_Aurora15_16_19mv45FR150_DIA50msW122v1600_TT0000395,E:\Data\2026_02\Data,D:\Methods\VNeo\A15\Separation\Testing\19m200nlv45FR150,B:E6,1,HeLa_100pg_2ACN01TFA_0015DDM_1uL_VNeo_Aurora15_16_19mv45FR150_DIA50msW122v1600_TT0000395,D:\Methods\Ultra2Methods\DIA\testing\Test\DIA50msW122_1600v.m?OtofImpacTEMControl,E:\Data\2026_02\Data\HeLa_100pg_2ACN01TFA_0015DDM_1uL_VNeo_Aurora15_16_19mv45FR150_DIA50msW122v1600_TT0000395_B-E6_1_14799.d
HeLa_100pg_2ACN01TFA_0015DDM_1uL_VNeo_Aurora15_16_19mv45_DIA50msW122v1600_TT0000396,E:\Data\2026_02\Data,D:\Methods\VNeo\A15\Separation\Testing\19m200nlv45,B:E6,1,HeLa_100pg_2ACN01TFA_0015DDM_1uL_VNeo_Aurora15_16_19mv45_DIA50msW122v1600_TT0000396,D:\Methods\Ultra2Methods\DIA\testing\Test\DIA50msW122_1600v.m?OtofImpacTEMControl,E:\Data\2026_02\Data\HeLa_100pg_2ACN01TFA_0015DDM_1uL_VNeo_Aurora15_16_19mv45_DIA50msW122v1600_TT0000396_B-E6_1_14800.d
CC25_TT0000397,E:\Data\2026_02\Wash,D:\Methods\VNeo\A15\Wash\Blank7m650nlML11mA15,B:B7,2,CC25_TT0000397,D:\Methods\Ultra2Methods\MS1\MS1001.m?OtofImpacTEMControl,E:\Data\2026_02\Wash\CC25_TT0000397_B-B7_1_14801.d
HeLa_100pg_2ACN01TFA_0015DDM_1uL_VNeo_Aurora15_16_19mv45_DIA50msW122_TT0000398,E:\Data\2026_02\Data,D:\Methods\VNeo\A15\Separation\Testing\19m200nlv45,B:E6,1,HeLa_100pg_2ACN01TFA_0015DDM_1uL_VNeo_Aurora15_16_19mv45_DIA50msW122_TT0000398,D:\Methods\Ultra2Methods\DIA\testing\Test\DIA50msW122.m?OtofImpacTEMControl,E:\Data\2026_02\Data\HeLa_100pg_2ACN01TFA_0015DDM_1uL_VNeo_Aurora15_16_19mv45_DIA50msW122_TT0000398_B-E6_1_14802.d
HeLa_100pg_2ACN01TFA_0015DDM_1uL_VNeo_Aurora15_16_19mv45FR150_DIA50msW122v1600_TT0000399,E:\Data\2026_02\Data,D:\Methods\VNeo\A15\Separation\Testing\19m200nlv45FR150,B:E6,1,HeLa_100pg_2ACN01TFA_0015DDM_1uL_VNeo_Aurora15_16_19mv45FR150_DIA50msW122v1600_TT0000399,D:\Methods\Ultra2Methods\DIA\testing\Test\DIA50msW122_1600v.m?OtofImpacTEMControl,E:\Data\2026_02\Data\HeLa_100pg_2ACN01TFA_0015DDM_1uL_VNeo_Aurora15_16_19mv45FR150_DIA50msW122v1600_TT0000399_B-E6_1_14803.d
HeLa_100pg_2ACN01TFA_0015DDM_1uL_VNeo_Aurora15_16_19mv45FR150_DIA50msW122v1600_TT0000400,E:\Data\2026_02\Data,D:\Methods\VNeo\A15\Separation\Testing\19m200nlv45FR150,B:E6,1,HeLa_100pg_2ACN01TFA_0015DDM_1uL_VNeo_Aurora15_16_19mv45FR150_DIA50msW122v1600_TT0000400,D:\Methods\Ultra2Methods\DIA\testing\Test\DIA50msW122_1600v.m?OtofImpacTEMControl,E:\Data\2026_02\Data\HeLa_100pg_2ACN01TFA_0015DDM_1uL_VNeo_Aurora15_16_19mv45FR150_DIA50msW122v1600_TT0000400_B-E6_1_14804.d
HeLa_200pg_2ACN01TFA_0015DDM_2uL_VNeo_Aurora15_16_19mv45_DIA50msW122_TT0000401,E:\Data\2026_02\Data,D:\Methods\VNeo\A15\Separation\Testing\19m200nlv45,B:E6,2,HeLa_200pg_2ACN01TFA_0015DDM_2uL_VNeo_Aurora15_16_19mv45_DIA50msW122_TT0000401,D:\Methods\Ultra2Methods\DIA\testing\Test\DIA50msW122.m?OtofImpacTEMControl,E:\Data\2026_02\Data\HeLa_200pg_2ACN01TFA_0015DDM_2uL_VNeo_Aurora15_16_19mv45_DIA50msW122_TT0000401_B-E6_1_14805.d
HeLa_1ng_2ACN01TFA_0015DDM_2uL_VNeo_Aurora15_16_19mv45_DIA50msW122_TT0000402,E:\Data\2026_02\Data,D:\Methods\VNeo\A15\Separation\Testing\19m200nlv45,B:D6,2,HeLa_1ng_2ACN01TFA_0015DDM_2uL_VNeo_Aurora15_16_19mv45_DIA50msW122_TT0000402,D:\Methods\Ultra2Methods\DIA\testing\Test\DIA50msW122.m?OtofImpacTEMControl,
HeLa_5ng_2ACN01TFA_0015DDM_2uL_VNeo_Aurora15_16_19mv45_DIA50msW122_TT0000403,E:\Data\2026_02\Data,D:\Methods\VNeo\A15\Separation\Testing\19m200nlv45,B:C6,2,HeLa_5ng_2ACN01TFA_0015DDM_2uL_VNeo_Aurora15_16_19mv45_DIA50msW122_TT0000403,D:\Methods\Ultra2Methods\DIA\testing\Test\DIA50msW122.m?OtofImpacTEMControl,
HeLa_20ng_2ACN01TFA_0015DDM_2uL_VNeo_Aurora15_16_19mv45_DIA50msW122_TT0000404,E:\Data\2026_02\Data,D:\Methods\VNeo\A15\Separation\Testing\19m200nlv45,B:B6,2,HeLa_20ng_2ACN01TFA_0015DDM_2uL_VNeo_Aurora15_16_19mv45_DIA50msW122_TT0000404,D:\Methods\Ultra2Methods\DIA\testing\Test\DIA50msW122.m?OtofImpacTEMControl,
HeLa_50ng_2ACN01TFA_0015DDM_2uL_VNeo_Aurora15_16_19mv45_DIA50msW122_TT0000405,E:\Data\2026_02\Data,D:\Methods\VNeo\A15\Separation\Testing\19m200nlv45,B:A6,2,HeLa_50ng_2ACN01TFA_0015DDM_2uL_VNeo_Aurora15_16_19mv45_DIA50msW122_TT0000405,D:\Methods\Ultra2Methods\DIA\testing\Test\DIA50msW122.m?OtofImpacTEMControl,
CC25_TT0000406,E:\Data\2026_02\Wash,D:\Methods\VNeo\A15\Wash\Blank7m650nlML11mA15,B:B7,2,CC25_TT0000406,D:\Methods\Ultra2Methods\MS1\MS1001.m?OtofImpacTEMControl,
