File Name,Path,Instrument Method,Position,Inj Vol,Vial,Separation Method,MS Method,Result Path
CC25_TT0000158,E:\Data\2026_01\Wash,D:\Methods\VNeo\A15\Wash\Blank7m650nlML11mA15,B:A12,2,B:A12,D:\Methods\VNeo\A15\Wash\Blank7m650nlML11mA15.m?HyStar_LC,D:\Methods\Ultra2Methods\MS1\MS1001.m?OtofImpacTEMControl,E:\Data\2026_01\Wash\CC25_TT0000158_B-A12_1_14559.d
BSA_6fmol_Aurora15_16_TT0000159,E:\Data\2026_01\QC_SST,D:\Methods\VNeo\A15\Separation\Testing\phospho\20m150nlML30mA15phospho4,B:A10,2,B:A10,D:\Methods\VNeo\A15\Separation\phospho\20m150nlML30mA15.m?HyStar_LC,D:\Methods\Ultra2Methods\MS1\MS1001.m?OtofImpacTEMControl,E:\Data\2026_01\QC_SST\BSA_6fmol_Aurora15_16_TT0000159_B-A10_1_14560.d
HeLa_100pg_2ACN01TFA_0015DDM_1uL_VNeo_Aurora15_16_20min_DIA003_TT0000160,E:\Data\2026_01\QC_SST,D:\Methods\VNeo\A15\Separation\Testing\phospho\20m150nlML30mA15phospho4,B:E11,1,B:E11,D:\Methods\VNeo\A15\Separation\Testing\phospho\20m150nlML30mA15.m?HyStar_LC,D:\Methods\Ultra2Methods\DIA\testing\DIA003.proteoscape.m?OtofImpacTEMControl,E:\Data\2026_01\QC_SST\HeLa_100pg_2ACN01TFA_0015DDM_1uL_VNeo_Aurora15_15_20min_DIA003_TT0000160_B-E11_1_14561.d
CC25_TT0000161,E:\Data\2026_01\Wash,D:\Methods\VNeo\A15\Wash\Blank7m650nlML11mA15,B:A12,2,B:A12,D:\Methods\VNeo\A15\Wash\Blank7m650nlML11mA15.m?HyStar_LC,D:\Methods\Ultra2Methods\MS1\MS1001.m?OtofImpacTEMControl,E:\Data\2026_01\Wash\CC25_TT0000161_B-A12_1_14562.d
HeLa_200pg_2ACN01TFA_0015DDM_2uL_VNeo_Aurora15_16_20min_DIA003_TT0000162,E:\Data\2026_01\QC_SST,D:\Methods\VNeo\A15\Separation\Testing\phospho\20m150nlML30mA15phospho4,B:E11,2,B:E11,D:\Methods\VNeo\A15\Separation\Testing\phospho\20m150nlML30mA15.m?HyStar_LC,D:\Methods\Ultra2Methods\DIA\testing\DIA003.proteoscape.m?OtofImpacTEMControl,E:\Data\2026_01\QC_SST\HeLa_200pg_2ACN01TFA_0015DDM_2uL_VNeo_Aurora15_16_20min_DIA003_TT0000162_B-E11_1_14563.d
HeLa_1ng_2ACN01TFA_0015DDM_2uL_VNeo_Aurora15_16_20min_DIA003_TT0000163,E:\Data\2026_01\QC_SST,D:\Methods\VNeo\A15\Separation\Testing\phospho\20m150nlML30mA15phospho4,B:D11,2,B:D11,D:\Methods\VNeo\A15\Separation\Testing\phospho\20m150nlML30mA15.m?HyStar_LC,D:\Methods\Ultra2Methods\DIA\testing\DIA003.proteoscape.m?OtofImpacTEMControl,E:\Data\2026_01\QC_SST\HeLa_1ng_2ACN01TFA_0015DDM_2uL_VNeo_Aurora15_16_20min_DIA003_TT0000163_B-D11_1_14564.d
HeLa_5ng_2ACN01TFA_0015DDM_2uL_VNeo_Aurora15_16_20min_DIA003_TT0000164,E:\Data\2026_01\QC_SST,D:\Methods\VNeo\A15\Separation\Testing\phospho\20m150nlML30mA15phospho4,B:C11,2,B:C11,D:\Methods\VNeo\A15\Separation\Testing\phospho\20m150nlML30mA15.m?HyStar_LC,D:\Methods\Ultra2Methods\DIA\testing\DIA003.proteoscape.m?OtofImpacTEMControl,E:\Data\2026_01\QC_SST\HeLa_5ng_2ACN01TFA_0015DDM_2uL_VNeo_Aurora15_16_20min_DIA003_TT0000164_B-C11_1_14565.d
HeLa_20ng_2ACN01TFA_0015DDM_2uL_VNeo_Aurora15_16_20min_DIA003_TT0000165,E:\Data\2026_01\QC_SST,D:\Methods\VNeo\A15\Separation\Testing\phospho\20m150nlML30mA15phospho4,B:B11,2,B:B11,D:\Methods\VNeo\A15\Separation\Testing\phospho\20m150nlML30mA15.m?HyStar_LC,D:\Methods\Ultra2Methods\DIA\testing\DIA003.proteoscape.m?OtofImpacTEMControl,E:\Data\2026_01\QC_SST\HeLa_20ng_2ACN01TFA_0015DDM_2uL_VNeo_Aurora15_16_20min_DIA003_TT0000165_B-B11_1_14566.d
HeLa_50ng_2ACN01TFA_0015DDM_2uL_VNeo_Aurora15_16_20min_DIA003_TT0000166,E:\Data\2026_01\QC_SST,D:\Methods\VNeo\A15\Separation\Testing\phospho\20m150nlML30mA15phospho4,B:A11,2,B:A11,D:\Methods\VNeo\A15\Separation\Testing\phospho\20m150nlML30mA15.m?HyStar_LC,D:\Methods\Ultra2Methods\DIA\testing\DIA003.proteoscape.m?OtofImpacTEMControl,E:\Data\2026_01\QC_SST\HeLa_50ng_2ACN01TFA__0015DDM_2uL_VNeo_Aurora15_16_20min_DIA003_TT0000166_B-A11_1_14567.d
CC25_TT0000167,E:\Data\2026_01\Wash,D:\Methods\VNeo\A15\Wash\Blank7m650nlML11mA15,B:B12,2,B:A12,D:\Methods\VNeo\A15\Wash\Blank7m650nlML11mA15.m?HyStar_LC,D:\Methods\Ultra2Methods\MS1\MS1001.m?OtofImpacTEMControl,E:\Data\2026_01\Wash\Blank_T000167_B-A12_1_14568.d
CCA_TT0000168,E:\Data\2026_01\Wash,D:\Methods\VNeo\A15\Wash\Blank7m650nlML11mA15,B:A12,2,B:A12,D:\Methods\VNeo\A15\Wash\Blank7m650nlML11mA15.m?HyStar_LC,D:\Methods\Ultra2Methods\MS1\MS1001.m?OtofImpacTEMControl,E:\Data\2026_01\Wash\CCA_TT0000168_B-A12_1_14569.d
BSA_6fmol_Aurora15_16_TT0000169,E:\Data\2026_01\QC_SST,D:\Methods\VNeo\A15\Separation\Testing\phospho\20m150nlML30mA15phospho4,B:A10,2,B:A10,D:\Methods\VNeo\A15\Separation\phospho\20m150nlML30mA15.m?HyStar_LC,D:\Methods\Ultra2Methods\MS1\MS1001.m?OtofImpacTEMControl,E:\Data\2026_01\QC_SST\BSA_6fmol_Aurora15_16_TT0000169_B-A10_1_14570.d
HeLa_100pg_2ACN01TFA_0015DDM_2uL_VNeo_Aurora15_16_20min_DIA003_TT0000170,E:\Data\2026_01\QC_SST,D:\Methods\VNeo\A15\Separation\Testing\phospho\20m150nlML30mA15phospho4,B:E11,2,B:E11,D:\Methods\VNeo\A15\Separation\Testing\phospho\20m150nlML30mA15.m?HyStar_LC,D:\Methods\Ultra2Methods\DIA\testing\DIA003.proteoscape.m?OtofImpacTEMControl,E:\Data\2026_01\QC_SST\HeLa_100pg_2ACN01TFA_0015DDM_2uL_VNeo_Aurora15_16_20min_DIA003_TT0000170_B-E11_1_14571.d
HeLa_200pg_2ACN01TFA_0015DDM_2uL_VNeo_Aurora15_16_20min_DIA003_TT0000171,E:\Data\2026_01\QC_SST,D:\Methods\VNeo\A15\Separation\Testing\phospho\20m150nlML30mA15phospho4,B:E11,2,B:E11,D:\Methods\VNeo\A15\Separation\Testing\phospho\20m150nlML30mA15.m?HyStar_LC,D:\Methods\Ultra2Methods\DIA\testing\DIA003.proteoscape.m?OtofImpacTEMControl,E:\Data\2026_01\QC_SST\HeLa_200pg_2ACN01TFA_0015DDM_2uL_VNeo_Aurora15_16_20min_DIA003_TT0000171_B-E11_1_14572.d
HeLa_1ng_2ACN01TFA_0015DDM_2uL_VNeo_Aurora15_16_20min_DIA003_TT0000172,E:\Data\2026_01\QC_SST,D:\Methods\VNeo\A15\Separation\Testing\phospho\20m150nlML30mA15phospho4,B:D11,2,B:D11,D:\Methods\VNeo\A15\Separation\Testing\phospho\20m150nlML30mA15.m?HyStar_LC,D:\Methods\Ultra2Methods\DIA\testing\DIA003.proteoscape.m?OtofImpacTEMControl,E:\Data\2026_01\QC_SST\HeLa_1ng_2ACN01TFA_0015DDM_2uL_VNeo_Aurora15_16_20min_DIA003_TT0000172_B-D11_1_14573.d
HeLa_5ng_2ACN01TFA_0015DDM_2uL_VNeo_Aurora15_16_20min_DIA003_TT0000173,E:\Data\2026_01\QC_SST,D:\Methods\VNeo\A15\Separation\Testing\phospho\20m150nlML30mA15phospho4,B:C11,2,B:C11,D:\Methods\VNeo\A15\Separation\Testing\phospho\20m150nlML30mA15.m?HyStar_LC,D:\Methods\Ultra2Methods\DIA\testing\DIA003.proteoscape.m?OtofImpacTEMControl,E:\Data\2026_01\QC_SST\HeLa_5ng_2ACN01TFA_0015DDM_2uL_VNeo_Aurora15_16_20min_DIA003_TT0000173_B-C11_1_14574.d
HeLa_20ng_2ACN01TFA_0015DDM_2uL_VNeo_Aurora15_16_20min_DIA003_TT0000174,E:\Data\2026_01\QC_SST,D:\Methods\VNeo\A15\Separation\Testing\phospho\20m150nlML30mA15phospho4,B:B11,2,B:B11,D:\Methods\VNeo\A15\Separation\Testing\phospho\20m150nlML30mA15.m?HyStar_LC,D:\Methods\Ultra2Methods\DIA\testing\DIA003.proteoscape.m?OtofImpacTEMControl,E:\Data\2026_01\QC_SST\HeLa_20ng_2ACN01TFA_0015DDM_2uL_VNeo_Aurora15_16_20min_DIA003_TT0000174_B-B11_1_14575.d
HeLa_50ng_2ACN01TFA_0015DDM_2uL_VNeo_Aurora15_16_20min_DIA003_TT0000175,E:\Data\2026_01\QC_SST,D:\Methods\VNeo\A15\Separation\Testing\phospho\20m150nlML30mA15phospho4,B:A11,2,B:A11,D:\Methods\VNeo\A15\Separation\Testing\phospho\20m150nlML30mA15.m?HyStar_LC,D:\Methods\Ultra2Methods\DIA\testing\DIA003.proteoscape.m?OtofImpacTEMControl,E:\Data\2026_01\QC_SST\HeLa_50ng_2ACN01TFA__0015DDM_2uL_VNeo_Aurora15_16_20min_DIA003_TT0000175_B-A11_1_14576.d
CCA_TT0000176,E:\Data\2026_01\Wash,D:\Methods\VNeo\A15\Wash\Blank7m650nlML11mA15,B:B12,2,B:A12,D:\Methods\VNeo\A15\Wash\Blank7m650nlML11mA15.m?HyStar_LC,D:\Methods\Ultra2Methods\MS1\MS1001.m?OtofImpacTEMControl,E:\Data\2026_01\Wash\CCA_T000176_B-A12_1_14577.d
CCA_TT0000177,E:\Data\2026_01\Wash,D:\Methods\VNeo\A15\Wash\Blank7m650nlML11mA15,B:A12,2,B:A12,D:\Methods\VNeo\A15\Wash\Blank7m650nlML11mA15.m?HyStar_LC,D:\Methods\Ultra2Methods\MS1\MS1001.m?OtofImpacTEMControl,E:\Data\2026_01\Wash\CCA_TT0000177_B-A12_1_14578.d
HeLa_100pg_2ACN01TFA_0015DDM_2uL_VNeo_Aurora15_16_20min_DIA003_TT0000178,E:\Data\2026_01\QC_SST,D:\Methods\VNeo\A15\Separation\Testing\phospho\20m150nlML30mA15phospho4,B:E11,1,B:E11,D:\Methods\VNeo\A15\Separation\Testing\phospho\20m150nlML30mA15.m?HyStar_LC,D:\Methods\Ultra2Methods\DIA\testing\DIA003.proteoscape.m?OtofImpacTEMControl,E:\Data\2026_01\QC_SST\HeLa_100pg_2ACN01TFA_0015DDM_2uL_VNeo_Aurora15_16_20min_DIA003_TT0000178_B-E11_1_14579.d
BSA_6fmol_Aurora15_16_20m150nl23p5v1_TT0000179,E:\Data\2026_01\QC_SST,D:\Methods\VNeo\A15\Separation\Testing\20m150nlML23p5mA15v1,B:A10,2,B:A10,D:\Methods\VNeo\A15\Separation\Testing\20m150nlML23p5mA15v1.m?HyStar_LC,D:\Methods\Ultra2Methods\MS1\MS1001.m?OtofImpacTEMControl,E:\Data\2026_01\QC_SST\BSA_6fmol_Aurora15_16_20m150nl23p5v1_TT0000179_B-A10_1_14580.d
HeLa_20ng_2ACN01TFA_0015DDM_2uL_VNeo_Aurora15_16_20m150nl23p5v1_DIA003_TT0000180,E:\Data\2026_01\QC_SST,D:\Methods\VNeo\A15\Separation\Testing\20m150nlML23p5mA15v1,B:B11,2,B:B11,D:\Methods\VNeo\A15\Separation\Testing\20m150nlML23p5mA15v1.m?HyStar_LC,D:\Methods\Ultra2Methods\DIA\testing\DIA003.proteoscape.m?OtofImpacTEMControl,E:\Data\2026_01\QC_SST\HeLa_20ng_2ACN01TFA_0015DDM_2uL_VNeo_Aurora15_16_20m150nl23p5v1_DIA003_TT0000180_B-B11_1_14581.d
Blank_01FA_2uL_VNeo_Aurora15_16_20m150nl23p5v1_DIA003_TT0000181,E:\Data\2026_01\QC_SST,D:\Methods\VNeo\A15\Separation\Testing\20m150nlML23p5mA15v1,B:A1,2,B:A1,D:\Methods\VNeo\A15\Separation\Testing\20m150nlML23p5mA15v1.m?HyStar_LC,D:\Methods\Ultra2Methods\DIA\testing\DIA003.proteoscape.m?OtofImpacTEMControl,E:\Data\2026_01\QC_SST\Blank_01FA_2uL_VNeo_Aurora15_16_20m150nl23p5v1_DIA003_TT0000181_B-A1_1_14582.d
CCA_TT0000182,E:\Data\2026_01\Wash,D:\Methods\VNeo\A15\Wash\Blank7m650nlML11mA15,B:A12,2,B:A12,D:\Methods\VNeo\A15\Wash\Blank7m650nlML11mA15.m?HyStar_LC,D:\Methods\Ultra2Methods\MS1\MS1001.m?OtofImpacTEMControl,E:\Data\2026_01\Wash\CCA_TT0000181_B-A12_1_14583.d
HeLa_20ng_2ACN01TFA_0015DDM_2uL_VNeo_Aurora15_16_20min_DIA003_TT0000183,E:\Data\2026_01\QC_SST,D:\Methods\VNeo\A15\Separation\Testing\phospho\20m150nlML30mA15phospho4,B:B11,2,B:B11,D:\Methods\VNeo\A15\Separation\Testing\phospho\20m150nlML30mA15.m?HyStar_LC,D:\Methods\Ultra2Methods\DIA\testing\DIA003.proteoscape.m?OtofImpacTEMControl,E:\Data\2026_01\QC_SST\HeLa_20ng_2ACN01TFA_0015DDM_2uL_VNeo_Aurora15_16_20min_DIA003_TT0000182_B-B11_1_14584.d
Blank_01FA_2uL_VNeo_Aurora15_16_20min_DIA003_TT0000184,E:\Data\2026_01\QC_SST,D:\Methods\VNeo\A15\Separation\Testing\phospho\20m150nlML30mA15phospho4,B:A1,2,B:A1,D:\Methods\VNeo\A15\Separation\Testing\phospho\20m150nlML30mA15.m?HyStar_LC,D:\Methods\Ultra2Methods\DIA\testing\DIA003.proteoscape.m?OtofImpacTEMControl,E:\Data\2026_01\QC_SST\Blank_01FA_2uL_VNeo_Aurora15_16_20min_DIA003_TT0000183_B-A1_1_14585.d
HeLa_20ng_2ACN01TFA_0015DDM_2uL_VNeo_Aurora15_16_20minv2_DIA003_TT0000185,E:\Data\2026_01\QC_SST,D:\Methods\VNeo\A15\Separation\Testing\phospho\20m150nlML30mA15phospho4,B:B11,2,B:B11,D:\Methods\VNeo\A15\Separation\Testing\phospho\20m150nlML30mA15.m?HyStar_LC,D:\Methods\Ultra2Methods\DIA\testing\DIA003.proteoscape.m?OtofImpacTEMControl,E:\Data\2026_01\QC_SST\HeLa_20ng_2ACN01TFA_0015DDM_2uL_VNeo_Aurora15_16_20minv2_DIA003_TT0000185_B-B11_1_14586.d
CCA_2uL_VNeo_Aurora15_16_20min_DIA003_TT0000186,E:\Data\2026_01\QC_SST,D:\Methods\VNeo\A15\Separation\Testing\phospho\20m150nlML30mA15phospho4,B:A12,2,B:A12,D:\Methods\VNeo\A15\Separation\Testing\phospho\20m150nlML30mA15.m?HyStar_LC,D:\Methods\Ultra2Methods\DIA\testing\DIA003.proteoscape.m?OtofImpacTEMControl,E:\Data\2026_01\QC_SST\CCA_2uL_VNeo_Aurora15_16_20min_DIA003_TT0000186_B-A12_1_14587.d
HeLa_20ng_2ACN01TFA_0015DDM_2uL_VNeo_Aurora15_16_20min_DIA003_TT0000187,E:\Data\2026_01\QC_SST,D:\Methods\VNeo\A15\Separation\Testing\phospho\20m150nlML30mA15phospho4,B:B11,2,B:B11,D:\Methods\VNeo\A15\Separation\Testing\phospho\20m150nlML30mA15.m?HyStar_LC,D:\Methods\Ultra2Methods\DIA\testing\DIA003.proteoscape.m?OtofImpacTEMControl,E:\Data\2026_01\QC_SST\HeLa_20ng_2ACN01TFA_0015DDM_2uL_VNeo_Aurora15_16_20min_DIA003_TT0000187_B-B11_1_14588.d
HeLa_20ng_2ACN01TFA_0015DDM_2uL_VNeo_Aurora15_16_36m150nlLong40_DIA003_TT0000188,E:\Data\2026_01\QC_SST,D:\Methods\VNeo\A15\Separation\Testing\36m150nlLong40,B:B11,2,B:B11,D:\Methods\VNeo\A15\Separation\Testing\36m150nlLong40.m?HyStar_LC,D:\Methods\Ultra2Methods\DIA\testing\DIA003.proteoscape.m?OtofImpacTEMControl,E:\Data\2026_01\QC_SST\HeLa_20ng_2ACN01TFA_0015DDM_2uL_VNeo_Aurora15_16_36m150nlLong40_DIA003_TT0000188_B-B11_1_14589.d
HeLa_20ng_2ACN01TFA_0015DDM_2uL_VNeo_Aurora15_16_36m150nlSlow40_DIA003_TT0000189,E:\Data\2026_01\QC_SST,D:\Methods\VNeo\A15\Separation\Testing\36m150nlSlow40,B:B11,2,B:B11,D:\Methods\VNeo\A15\Separation\Testing\36m150nlSlow40.m?HyStar_LC,D:\Methods\Ultra2Methods\DIA\testing\DIA003.proteoscape.m?OtofImpacTEMControl,E:\Data\2026_01\QC_SST\HeLa_20ng_2ACN01TFA_0015DDM_2uL_VNeo_Aurora15_16_36m150nlSlow40_DIA003_TT0000189_B-B11_1_14590.d
HeLa_20ng_2ACN01TFA_0015DDM_2uL_VNeo_Aurora15_16_27m150nlv3_DIA003_TT0000190,E:\Data\2026_01\QC_SST,D:\Methods\VNeo\A15\Separation\Testing\27m150nlv3,B:B11,2,B:B11,D:\Methods\VNeo\A15\Separation\Testing\27m150nlv3.m?HyStar_LC,D:\Methods\Ultra2Methods\DIA\testing\DIA003.proteoscape.m?OtofImpacTEMControl,E:\Data\2026_01\QC_SST\HeLa_20ng_2ACN01TFA_0015DDM_2uL_VNeo_Aurora15_16_27m150nlv3_DIA003_TT0000190_B-B11_1_14591.d
HeLa_20ng_2ACN01TFA_0015DDM_2uL_VNeo_Aurora15_16_25m150nlv4_DIA003_TT0000191,E:\Data\2026_01\QC_SST,D:\Methods\VNeo\A15\Separation\Testing\25m150nlv4,B:B11,2,B:B11,D:\Methods\VNeo\A15\Separation\Testing\25m150nlv4.m?HyStar_LC,D:\Methods\Ultra2Methods\DIA\testing\DIA003.proteoscape.m?OtofImpacTEMControl,E:\Data\2026_01\QC_SST\HeLa_20ng_2ACN01TFA_0015DDM_2uL_VNeo_Aurora15_16_25m150nlv4_DIA003_TT0000191_B-B11_1_14592.d
HeLa_20ng_2ACN01TFA_0015DDM_2uL_VNeo_Aurora15_16_24m150nlThermo_DIA003_TT0000192,E:\Data\2026_01\QC_SST,D:\Methods\VNeo\A15\Separation\Testing\24m150nlThermo,B:B11,2,B:B11,D:\Methods\VNeo\A15\Separation\Testing\24m150nlThermo.m?HyStar_LC,D:\Methods\Ultra2Methods\DIA\testing\DIA003.proteoscape.m?OtofImpacTEMControl,E:\Data\2026_01\QC_SST\HeLa_20ng_2ACN01TFA_0015DDM_2uL_VNeo_Aurora15_16_24m150nlThermo_DIA003_TT0000192_B-B11_1_14593.d
HeLa_20ng_2ACN01TFA_0015DDM_2uL_VNeo_Aurora15_16_25m150nlv5Thermo_DIA003_TT0000193,E:\Data\2026_01\QC_SST,D:\Methods\VNeo\A15\Separation\Testing\25m150nlv5,B:B11,2,B:B11,D:\Methods\VNeo\A15\Separation\Testing\25m150nlv5.m?HyStar_LC,D:\Methods\Ultra2Methods\DIA\testing\DIA003.proteoscape.m?OtofImpacTEMControl,E:\Data\2026_01\QC_SST\HeLa_20ng_2ACN01TFA_0015DDM_2uL_VNeo_Aurora15_16_25m150nlv5Thermo_DIA003_TT0000193_B-B11_1_14594.d
HeLa_20ng_2ACN01TFA_0015DDM_2uL_VNeo_Aurora15_16_20p5m150nlv6Thermo_DIA003_TT0000194,E:\Data\2026_01\QC_SST,D:\Methods\VNeo\A15\Separation\Testing\20p5m150nlv6,B:B11,2,B:B11,D:\Methods\VNeo\A15\Separation\Testing\20p5m150nlv6.m?HyStar_LC,D:\Methods\Ultra2Methods\DIA\testing\DIA003.proteoscape.m?OtofImpacTEMControl,E:\Data\2026_01\QC_SST\HeLa_20ng_2ACN01TFA_0015DDM_2uL_VNeo_Aurora15_16_20p5m150nlv6Thermo_DIA003_TT0000194_B-B11_1_14595.d
CCA_2uL_VNeo_Aurora15_16_20p5m150nlv6_DIA003_TT0000195,E:\Data\2026_01\QC_SST,D:\Methods\VNeo\A15\Separation\Testing\20p5m150nlv6,B:A12,2,B:B12,D:\Methods\VNeo\A15\Separation\Testing\20p5m150nlv6.m?HyStar_LC,D:\Methods\Ultra2Methods\DIA\testing\DIA003.proteoscape.m?OtofImpacTEMControl,E:\Data\2026_01\QC_SST\CCA_2uL_VNeo_Aurora15_16_20min_DIA003_TT0000195_B-B12_1_14596.d
HeLa_100pg_2ACN01TFA_0015DDM_1uL_VNeo_Aurora15_16_20min_DIA003_TT0000196,E:\Data\2026_01\QC_SST,D:\Methods\VNeo\A15\Separation\Testing\phospho\20m150nlML30mA15phospho4,B:E11,1,B:E11,D:\Methods\VNeo\A15\Separation\Testing\phospho\20m150nlML30mA15.m?HyStar_LC,D:\Methods\Ultra2Methods\DIA\testing\DIA003.proteoscape.m?OtofImpacTEMControl,E:\Data\2026_01\QC_SST\HeLa_100pg_2ACN01TFA_0015DDM_1uL_VNeo_Aurora15_16_20min_DIA003_TT0000196_B-E11_1_14597.d
HeLa_100pg_2ACN01TFA_0015DDM_1uL_VNeo_Aurora15_16_20p5m150nlv6_DIA003_TT0000197,E:\Data\2026_01\QC_SST,D:\Methods\VNeo\A15\Separation\Testing\20p5m150nlv6,B:E11,1,B:E11,D:\Methods\VNeo\A15\Separation\Testing\20p5m150nlv6.m?HyStar_LC,D:\Methods\Ultra2Methods\DIA\testing\DIA003.proteoscape.m?OtofImpacTEMControl,E:\Data\2026_01\QC_SST\HeLa_100pg_2ACN01TFA_0015DDM_1uL_VNeo_Aurora15_16_20p5m150nlv6_DIA003_TT0000197_B-E11_1_14598.d
HeLa_100pg_2ACN01TFA_0015DDM_1uL_VNeo_Aurora15_16_20p5m150nlv6_DIA75ms_TT0000198,E:\Data\2026_01\QC_SST,D:\Methods\VNeo\A15\Separation\Testing\20p5m150nlv6,B:E11,1,B:E11,D:\Methods\VNeo\A15\Separation\Testing\20p5m150nlv6.m?HyStar_LC,D:\Methods\Ultra2Methods\DIA\testing\DIA011RT75expandedrange.proteoscape.m?OtofImpacTEMControl,E:\Data\2026_01\QC_SST\HeLa_100pg_2ACN01TFA_0015DDM_1uL_VNeo_Aurora15_16_20p5m150nlv6_DIA75ms_TT0000198_B-E11_1_14599.d
HeLa_100pg_2ACN01TFA_0015DDM_1uL_VNeo_Aurora15_16_25m150nlv5_DIA75ms_TT0000199,E:\Data\2026_01\QC_SST,D:\Methods\VNeo\A15\Separation\Testing\25m150nlv5,B:E11,1,B:E11,D:\Methods\VNeo\A15\Separation\Testing\25m150nlv5.m?HyStar_LC,D:\Methods\Ultra2Methods\DIA\testing\DIA011RT75expandedrange.proteoscape.m?OtofImpacTEMControl,E:\Data\2026_01\QC_SST\HeLa_100pg_2ACN01TFA_0015DDM_1uL_VNeo_Aurora15_16_25m150nlv5_DIA75ms_TT0000199_B-E11_1_14600.d
HeLa_20ng_2ACN01TFA_0015DDM_2uL_VNeo_Aurora15_16_20p5m150nlv6Thermo_DIA75ms_TT0000200,E:\Data\2026_01\QC_SST,D:\Methods\VNeo\A15\Separation\Testing\20p5m150nlv6,B:B1,2,B:B1,D:\Methods\VNeo\A15\Separation\Testing\20p5m150nlv6.m?HyStar_LC,D:\Methods\Ultra2Methods\DIA\testing\DIA011RT75expandedrange.proteoscape.m?OtofImpacTEMControl,E:\Data\2026_01\QC_SST\HeLa_20ng_2ACN01TFA_0015DDM_2uL_VNeo_Aurora15_16_20p5m150nlv6Thermo_DIA75ms_TT0000200_B-B1_1_14601.d
HeLa_20ng_2ACN01TFA_0015DDM_2uL_VNeo_Aurora15_16_25m150nlv5_DIA75ms_TT0000201,E:\Data\2026_01\QC_SST,D:\Methods\VNeo\A15\Separation\Testing\25m150nlv5,B:B1,2,B:B1,D:\Methods\VNeo\A15\Separation\Testing\25m150nlv5.m?HyStar_LC,D:\Methods\Ultra2Methods\DIA\testing\DIA011RT75expandedrange.proteoscape.m?OtofImpacTEMControl,E:\Data\2026_01\QC_SST\HeLa_20ng_2ACN01TFA_0015DDM_2uL_VNeo_Aurora15_16_25m150nlv5_DIA75ms_TT0000201_B-B1_1_14602.d
HeLa_20ng_2ACN01TFA_0015DDM_2uL_VNeo_Aurora15_16_25m200nlv5_DIA75ms_TT0000202,E:\Data\2026_01\QC_SST,D:\Methods\VNeo\A15\Separation\Testing\25m200nlv5,B:B1,2,B:B1,D:\Methods\VNeo\A15\Separation\Testing\25m200nlv5.m?HyStar_LC,D:\Methods\Ultra2Methods\DIA\testing\DIA011RT75expandedrange.proteoscape.m?OtofImpacTEMControl,E:\Data\2026_01\QC_SST\HeLa_20ng_2ACN01TFA_0015DDM_2uL_VNeo_Aurora15_16_25m200nlv5_DIA75ms_TT0000202_B-B1_1_14603.d
HeLa_20ng_2ACN01TFA_0015DDM_2uL_VNeo_Aurora15_16_25m200nlv5_DIA75msW83_TT0000203,E:\Data\2026_01\QC_SST,D:\Methods\VNeo\A15\Separation\Testing\25m200nlv5,B:B1,2,B:B1,D:\Methods\VNeo\A15\Separation\Testing\25m150nlv5.m?HyStar_LC,D:\Methods\Ultra2Methods\DIA\testing\DIA011RT75expandedrangeW83.proteoscape.m?OtofImpacTEMControl,E:\Data\2026_01\QC_SST\HeLa_20ng_2ACN01TFA_0015DDM_2uL_VNeo_Aurora15_16_25m200nlv5_DIA75msW83_TT0000203_B-B1_1_14604.d
CCA_2uL_VNeo_Aurora15_16_25m200nlv5_DIA003_TT0000204,E:\Data\2026_01\QC_SST,D:\Methods\VNeo\A15\Separation\Testing\25m200nlv5,B:A12,2,B:C12,D:\Methods\VNeo\A15\Separation\Testing\25m200nlv5.m?HyStar_LC,D:\Methods\Ultra2Methods\DIA\testing\DIA011RT75expandedrange.proteoscape.m?OtofImpacTEMControl,E:\Data\2026_01\QC_SST\CCA_2uL_VNeo_Aurora15_16_25m200nlv5_DIA75ms_TT0000204_B-C12_1_14605.d
HeLa_100pg_2ACN01TFA_0015DDM_1uL_VNeo_Aurora15_16_20m150nl_DIA75ms_TT0000205,E:\Data\2026_01\QC_SST,D:\Methods\VNeo\A15\Separation\Testing\phospho\20m150nlML30mA15phospho4,B:E11,1,B:E1,D:\Methods\VNeo\A15\Separation\Testing\phospho\20m150nlML30mA15.m?HyStar_LC,D:\Methods\Ultra2Methods\DIA\testing\DIA011RT75expandedrange.proteoscape.m?OtofImpacTEMControl,E:\Data\2026_01\QC_SST\HeLa_100pg_2ACN01TFA_0015DDM_1uL_VNeo_Aurora15_16_20m150nl_DIA75ms_TT0000205_B-E1_1_14606.d
HeLa_100pg_2ACN01TFA_0015DDM_1uL_VNeo_Aurora15_16_25m150nlv5_DIA75ms_TT0000206,E:\Data\2026_01\QC_SST,D:\Methods\VNeo\A15\Separation\Testing\25m150nlv5,B:E11,1,B:E1,D:\Methods\VNeo\A15\Separation\Testing\25m150nlv5.m?HyStar_LC,D:\Methods\Ultra2Methods\DIA\testing\DIA011RT75expandedrange.proteoscape.m?OtofImpacTEMControl,E:\Data\2026_01\QC_SST\HeLa_100pg_2ACN01TFA_0015DDM_1uL_VNeo_Aurora15_16_25m150nlv5_DIA75ms_TT0000206_B-E1_1_14607.d
HeLa_100pg_2ACN01TFA_0015DDM_1uL_VNeo_Aurora15_16_25m200nlv5_DIA75ms_TT0000207,E:\Data\2026_01\QC_SST,D:\Methods\VNeo\A15\Separation\Testing\25m200nlv5,B:E11,1,B:E1,D:\Methods\VNeo\A15\Separation\Testing\25m200nlv5.m?HyStar_LC,D:\Methods\Ultra2Methods\DIA\testing\DIA011RT75expandedrange.proteoscape.m?OtofImpacTEMControl,E:\Data\2026_01\QC_SST\HeLa_100pg_2ACN01TFA_0015DDM_1uL_VNeo_Aurora15_16_25m200nlv5_DIA75ms_TT0000207_B-E1_1_14608.d
HeLa_100pg_2ACN01TFA_0015DDM_1uL_VNeo_Aurora15_16_25m200nlv5_DIA75msW83_TT0000208,E:\Data\2026_01\QC_SST,D:\Methods\VNeo\A15\Separation\Testing\25m200nlv5,B:E11,1,B:E1,D:\Methods\VNeo\A15\Separation\Testing\25m200nlv5.m?HyStar_LC,D:\Methods\Ultra2Methods\DIA\testing\DIA011RT75expandedrangeW83.proteoscape.m?OtofImpacTEMControl,E:\Data\2026_01\QC_SST\HeLa_100pg_2ACN01TFA_0015DDM_1uL_VNeo_Aurora15_16_25m200nlv5_DIA75msW83_TT0000208_B-E1_1_14609.d
HeLa_100pg_2ACN01TFA_0015DDM_1uL_VNeo_Aurora15_16_25m150nlv5_DIA75msW83_TT0000209,E:\Data\2026_01\QC_SST,D:\Methods\VNeo\A15\Separation\Testing\25m150nlv5,B:E11,1,B:E11,D:\Methods\VNeo\A15\Separation\Testing\25m150nlv5.m?HyStar_LC,D:\Methods\Ultra2Methods\DIA\testing\DIA011RT75expandedrangeW83.proteoscape.m?OtofImpacTEMControl,E:\Data\2026_01\QC_SST\HeLa_100pg_2ACN01TFA_0015DDM_1uL_VNeo_Aurora15_16_25m150nlv5_DIA75msW83_TT0000209_B-E11_1_14610.d
HeLa_100pg_2ACN01TFA_0015DDM_1uL_VNeo_Aurora15_16_20p5m150nlv7_DIA75msW83_TT0000210,E:\Data\2026_01\QC_SST,D:\Methods\VNeo\A15\Separation\Testing\20p5m150nlv7,B:E11,1,B:E11,D:\Methods\VNeo\A15\Separation\Testing\20p5m150nlv7.m?HyStar_LC,D:\Methods\Ultra2Methods\DIA\testing\DIA011RT75expandedrangeW83.proteoscape.m?OtofImpacTEMControl,E:\Data\2026_01\QC_SST\HeLa_100pg_2ACN01TFA_0015DDM_1uL_VNeo_Aurora15_16_20p5m150nlv5_DIA75msW83_TT0000210_B-E11_1_14611.d
HeLa_100pg_2ACN01TFA_0015DDM_1uL_VNeo_Aurora15_16_16m150nlv8_DIA75msW83_TT0000211,E:\Data\2026_01\QC_SST,D:\Methods\VNeo\A15\Separation\Testing\16m150nlv8,B:E11,1,B:E11,D:\Methods\VNeo\A15\Separation\Testing\16m150nlv8.m?HyStar_LC,D:\Methods\Ultra2Methods\DIA\testing\DIA011RT75expandedrangeW83.proteoscape.m?OtofImpacTEMControl,E:\Data\2026_01\QC_SST\HeLa_100pg_2ACN01TFA_0015DDM_1uL_VNeo_Aurora15_16_16m150nlv8_DIA75msW83_TT0000211_B-E11_1_14612.d
HeLa_100pg_2ACN01TFA_0015DDM_1uL_VNeo_Aurora15_16_11p5150nlv9_DIA75msW83_TT0000212,E:\Data\2026_01\QC_SST,D:\Methods\VNeo\A15\Separation\Testing\11p5m150nlv9,B:E11,1,B:E11,D:\Methods\VNeo\A15\Separation\Testing\11p5m150nlv9.m?HyStar_LC,D:\Methods\Ultra2Methods\DIA\testing\DIA011RT75expandedrangeW83.proteoscape.m?OtofImpacTEMControl,E:\Data\2026_01\QC_SST\HeLa_100pg_2ACN01TFA_0015DDM_1uL_VNeo_Aurora15_16_11p5150nlv9_DIA75msW83_TT0000212_B-E11_1_14613.d
HeLa_100pg_2ACN01TFA_0015DDM_1uL_VNeo_Aurora15_16_16m150nlv8_DIA60msW83_75msIMcal_TT0000213,E:\Data\2026_01\QC_SST,D:\Methods\VNeo\A15\Separation\Testing\16m150nlv8,B:E11,1,B:E11,D:\Methods\VNeo\A15\Separation\Testing\16m150nlv8.m?HyStar_LC,D:\Methods\Ultra2Methods\DIA\testing\DIA011RT60expandedrangeW83.proteoscape.m?OtofImpacTEMControl,E:\Data\2026_01\QC_SST\HeLa_100pg_2ACN01TFA_0015DDM_1uL_VNeo_Aurora15_16_16m150nlv8_DIA60msW83_75msIMcal_TT0000213_B-E11_1_14614.d
HeLa_100pg_2ACN01TFA_0015DDM_1uL_VNeo_Aurora15_16_16m150nlv8_DIA75msW63_TT0000214,E:\Data\2026_01\QC_SST,D:\Methods\VNeo\A15\Separation\Testing\16m150nlv8,B:E11,1,B:E11,D:\Methods\VNeo\A15\Separation\Testing\16m150nlv8.m?HyStar_LC,D:\Methods\Ultra2Methods\DIA\testing\DIA011RT75expandedrangeW63.proteoscape.m?OtofImpacTEMControl,E:\Data\2026_01\QC_SST\HeLa_100pg_2ACN01TFA_0015DDM_1uL_VNeo_Aurora15_16_16m150nlv8_DIA75msW63_TT0000214_B-E11_1_14615.d
HeLa_20ng_2ACN01TFA_0015DDM_2uL_VNeo_Aurora15_16_20p5m150nlv5_DIA75msW83_TT0000215,E:\Data\2026_01\QC_SST,D:\Methods\VNeo\A15\Separation\Testing\20p5m150nlv7,B:B1,2,B:B1,D:\Methods\VNeo\A15\Separation\Testing\20p5m150nlv7.m?HyStar_LC,D:\Methods\Ultra2Methods\DIA\testing\DIA011RT75expandedrangeW83.proteoscape.m?OtofImpacTEMControl,E:\Data\2026_01\QC_SST\HeLa_20ng_2ACN01TFA_0015DDM_2uL_VNeo_Aurora15_16_20p5m150nlv5_DIA75msW83_TT0000215_B-B1_1_14616.d
HeLa_20ng_2ACN01TFA_0015DDM_2uL_VNeo_Aurora15_16_17p5m150nlv10_DIA75msW83_TT0000216,E:\Data\2026_01\QC_SST,D:\Methods\VNeo\A15\Separation\Testing\17p5m150nlv10,B:B1,2,B:B1,D:\Methods\VNeo\A15\Separation\Testing\17p5m150nlv10.m?HyStar_LC,D:\Methods\Ultra2Methods\DIA\testing\DIA011RT75expandedrangeW83.proteoscape.m?OtofImpacTEMControl,E:\Data\2026_01\QC_SST\HeLa_20ng_2ACN01TFA_0015DDM_2uL_VNeo_Aurora15_16_17p5m150nlv5_DIA75msW83_TT0000216_B-B1_1_14617.d
HeLa_20ng_2ACN01TFA_0015DDM_2uL_VNeo_Aurora15_16_17p7m150nlv11_DIA75msW83_TT0000217,E:\Data\2026_01\QC_SST,D:\Methods\VNeo\A15\Separation\Testing\17p7m150nlv11,B:B1,2,B:B1,D:\Methods\VNeo\A15\Separation\Testing\17p7m150nlv11.m?HyStar_LC,D:\Methods\Ultra2Methods\DIA\testing\DIA011RT75expandedrangeW83.proteoscape.m?OtofImpacTEMControl,E:\Data\2026_01\QC_SST\HeLa_20ng_2ACN01TFA_0015DDM_2uL_VNeo_Aurora15_16_17p7m150nlv11_DIA75msW83_TT0000217_B-B1_1_14618.d
HeLa_20ng_2ACN01TFA_0015DDM_2uL_VNeo_Aurora15_16_17p7m150nlv11_DIA60msW83_75msIMcal_TT0000218,E:\Data\2026_01\QC_SST,D:\Methods\VNeo\A15\Separation\Testing\17p7m150nlv11,B:B1,2,B:B1,D:\Methods\VNeo\A15\Separation\Testing\17p7m150nlv11.m?HyStar_LC,D:\Methods\Ultra2Methods\DIA\testing\DIA011RT60expandedrangeW83.proteoscape.m?OtofImpacTEMControl,E:\Data\2026_01\QC_SST\HeLa_20ng_2ACN01TFA_0015DDM_2uL_VNeo_Aurora15_16_17p7m150nlv11_DIA60msW83_75msIMcal_TT0000218_B-B1_1_14619.d
HeLa_20ng_2ACN01TFA_0015DDM_2uL_VNeo_Aurora15_16_17p75m150nlv12_DIA75msW83_TT0000219,E:\Data\2026_01\QC_SST,D:\Methods\VNeo\A15\Separation\Testing\17p75m150nlv12,B:B1,2,B:B1,D:\Methods\VNeo\A15\Separation\Testing\17p75m150nlv12.m?HyStar_LC,D:\Methods\Ultra2Methods\DIA\testing\DIA011RT75expandedrangeW83.proteoscape.m?OtofImpacTEMControl,E:\Data\2026_01\QC_SST\HeLa_20ng_2ACN01TFA_0015DDM_2uL_VNeo_Aurora15_16_17p75m150nlv12_DIA75msW83_TT0000219_B-B1_1_14620.d
HeLa_20ng_2ACN01TFA_0015DDM_2uL_VNeo_Aurora15_16_17p5m150nlv13_DIA75msW83_TT0000220,E:\Data\2026_01\QC_SST,D:\Methods\VNeo\A15\Separation\Testing\17p5m150nlv13,B:B1,2,B:B1,D:\Methods\VNeo\A15\Separation\Testing\17p5m150nlv13.m?HyStar_LC,D:\Methods\Ultra2Methods\DIA\testing\DIA011RT75expandedrangeW83.proteoscape.m?OtofImpacTEMControl,E:\Data\2026_01\QC_SST\HeLa_20ng_2ACN01TFA_0015DDM_2uL_VNeo_Aurora15_16_17p5m150nlv13_DIA75msW83_TT0000220_B-B1_1_14621.d
HeLa_20ng_2ACN01TFA_0015DDM_2uL_VNeo_Aurora15_16_17p5m150nlv13_DIA75msW83_TT0000220,E:\Data\2026_01\QC_SST,D:\Methods\VNeo\A15\Separation\Testing\17p5m150nlv13,B:B1,2,B:B1,D:\Methods\VNeo\A15\Separation\Testing\17p5m150nlv13.m?HyStar_LC,D:\Methods\Ultra2Methods\DIA\testing\DIA011RT75expandedrangeW83.proteoscape.m?OtofImpacTEMControl,E:\Data\2026_01\QC_SST\HeLa_20ng_2ACN01TFA_0015DDM_2uL_VNeo_Aurora15_16_17p5m150nlv13_DIA75msW83_TT0000220_B-B1_1_14622.d
HeLa_20ng_2ACN01TFA_0015DDM_2uL_VNeo_Aurora15_16_17p5m150nlv13_DIA75msW83_TT0000222,E:\Data\2026_01\QC_SST,D:\Methods\VNeo\A15\Separation\Testing\20p5m150nlv14,B:B1,2,B:B1,D:\Methods\VNeo\A15\Separation\Testing\20p5m150nlv14.m?HyStar_LC,D:\Methods\Ultra2Methods\DIA\testing\DIA011RT75expandedrangeW83.proteoscape.m?OtofImpacTEMControl,E:\Data\2026_01\QC_SST\HeLa_20ng_2ACN01TFA_0015DDM_2uL_VNeo_Aurora15_16_20p5m150nlv14_DIA75msW83_TT0000222_B-B1_1_14623.d
HeLa_5ng_2ACN01TFA_0015DDM_2uL_VNeo_Aurora15_16_20m150nlv15_DIA75msW83_TT0000223,E:\Data\2026_01\QC_SST,D:\Methods\VNeo\A15\Separation\Testing\20m150nlv15,B:C1,2,B:C1,D:\Methods\VNeo\A15\Separation\Testing\20m150nlv15.m?HyStar_LC,D:\Methods\Ultra2Methods\DIA\testing\DIA011RT75expandedrangeW83.proteoscape.m?OtofImpacTEMControl,E:\Data\2026_01\QC_SST\HeLa_5ng_2ACN01TFA_0015DDM_2uL_VNeo_Aurora15_16_20m150nlv15_DIA75msW83_TT0000223_B-C1_1_14624.d
HeLa_5ng_2ACN01TFA_0015DDM_2uL_VNeo_Aurora15_16_20p5m150nlv7_DIA75msW83_TT0000224,E:\Data\2026_01\QC_SST,D:\Methods\VNeo\A15\Separation\Testing\20p5m150nlv7,B:C1,2,B:C1,D:\Methods\VNeo\A15\Separation\Testing\20p5m150nlv7.m?HyStar_LC,D:\Methods\Ultra2Methods\DIA\testing\DIA011RT75expandedrangeW83.proteoscape.m?OtofImpacTEMControl,E:\Data\2026_01\QC_SST\HeLa_5ng_2ACN01TFA_0015DDM_2uL_VNeo_Aurora15_16_20p5m150nlv7_DIA75msW83_TT0000224_B-C1_1_14625.d
HeLa_5ng_2ACN01TFA_0015DDM_2uL_VNeo_Aurora15_16_23p75m150nlv16_DIA75msW83_TT0000225,E:\Data\2026_01\QC_SST,D:\Methods\VNeo\A15\Separation\Testing\23p75m150nlv16,B:C1,2,B:C1,D:\Methods\VNeo\A15\Separation\Testing\23p75m150nlv16.m?HyStar_LC,D:\Methods\Ultra2Methods\DIA\testing\DIA011RT75expandedrangeW83.proteoscape.m?OtofImpacTEMControl,E:\Data\2026_01\QC_SST\HeLa_5ng_2ACN01TFA_0015DDM_2uL_VNeo_Aurora15_16_22p75m150nlv16_DIA75msW83_TT0000225_B-C1_1_14626.d
HeLa_50ng_2ACN01TFA_0015DDM_2uL_VNeo_Aurora15_16_22p75m150nlv16_DIA75msW83_TT0000226,E:\Data\2026_01\QC_SST,D:\Methods\VNeo\A15\Separation\Testing\23p75m150nlv16,B:A1,2,B:A1,D:\Methods\VNeo\A15\Separation\Testing\23p75m150nlv16.m?HyStar_LC,D:\Methods\Ultra2Methods\DIA\testing\DIA011RT75expandedrangeW83.proteoscape.m?OtofImpacTEMControl,E:\Data\2026_01\QC_SST\HeLa_50ng_2ACN01TFA_0015DDM_2uL_VNeo_Aurora15_16_22p75m150nlv16_DIA75msW83_TT0000226_B-A1_1_14627.d
Blank_2ACN01TFA_0015DDM_2uL_VNeo_Aurora15_16_23p75m150nlv16_DIA75msW83_TT0000227,E:\Data\2026_01\QC_SST,D:\Methods\VNeo\A15\Separation\Testing\23p75m150nlv16,B:A9,2,B:A9,D:\Methods\VNeo\A15\Separation\Testing\23p75m150nlv16.m?HyStar_LC,D:\Methods\Ultra2Methods\DIA\testing\DIA011RT75expandedrangeW83.proteoscape.m?OtofImpacTEMControl,E:\Data\2026_01\QC_SST\Blank_2ACN01TFA_0015DDM_2uL_VNeo_Aurora15_16_23p75m150nlv16_DIA75msW83_TT0000227_B-A9_1_14628.d
HeLa_50ng_2ACN01TFA_0015DDM_2uL_VNeo_Aurora15_16_23p75mHighACNW150nlv17_DIA75msW83_TT0000228,E:\Data\2026_01\QC_SST,D:\Methods\VNeo\A15\Separation\Testing\23p75mHighACNWash150nlv17,B:A1,2,B:A1,D:\Methods\VNeo\A15\Separation\Testing\23p75m150nlv16.m?HyStar_LC,D:\Methods\Ultra2Methods\DIA\testing\DIA011RT75expandedrangeW83.proteoscape.m?OtofImpacTEMControl,E:\Data\2026_01\QC_SST\HeLa_50ng_2ACN01TFA_0015DDM_2uL_VNeo_Aurora15_16_23p75mHighACNW150nlv17_DIA75msW83_TT0000228_B-A1_1_14629.d
Blank_2ACN01TFA_0015DDM_2uL_VNeo_Aurora15_16_23p75m150nlv16_DIA75msW83_TT0000229,E:\Data\2026_01\QC_SST,D:\Methods\VNeo\A15\Separation\Testing\23p75m150nlv16,B:A9,2,B:A9,D:\Methods\VNeo\A15\Separation\Testing\23p75m150nlv16.m?HyStar_LC,D:\Methods\Ultra2Methods\DIA\testing\DIA011RT75expandedrangeW83.proteoscape.m?OtofImpacTEMControl,E:\Data\2026_01\QC_SST\Blank_2ACN01TFA_0015DDM_2uL_VNeo_Aurora15_16_23p75m150nlv16_DIA75msW83_TT0000229_B-A9_1_14630.d
HeLa_50ng_2ACN01TFA_0015DDM_2uL_VNeo_Aurora15_16_23p65m150nlv18Zebra_DIA75msW83_TT0000230,E:\Data\2026_01\QC_SST,D:\Methods\VNeo\A15\Separation\Testing\23p65m150nlv18Zebra,B:A1,2,B:A1,D:\Methods\VNeo\A15\Separation\Testing\23p65m150nlv18Zebra.m?HyStar_LC,D:\Methods\Ultra2Methods\DIA\testing\DIA011RT75expandedrangeW83.proteoscape.m?OtofImpacTEMControl,E:\Data\2026_01\QC_SST\HeLa_50ng_2ACN01TFA_0015DDM_2uL_VNeo_Aurora15_16_23p65m150nlv18Zebra_DIA75msW83_TT0000230_B-A1_1_14631.d
Blank_2ACN01TFA_0015DDM_2uL_VNeo_Aurora15_16_23p75m150nlv16_DIA75msW83_TT0000231,E:\Data\2026_01\QC_SST,D:\Methods\VNeo\A15\Separation\Testing\23p75m150nlv16,B:A9,2,B:A9,D:\Methods\VNeo\A15\Separation\Testing\23p75m150nlv16.m?HyStar_LC,D:\Methods\Ultra2Methods\DIA\testing\DIA011RT75expandedrangeW83.proteoscape.m?OtofImpacTEMControl,E:\Data\2026_01\QC_SST\Blank_2ACN01TFA_0015DDM_2uL_VNeo_Aurora15_16_23p75m150nlv16_DIA75msW83_TT0000231_B-A9_1_14632.d
HeLa_50ng_2ACN01TFA_0015DDM_2uL_VNeo_Aurora15_16_23p65m150nlv19Zebra_DIA75msW83_TT0000232,E:\Data\2026_01\QC_SST,D:\Methods\VNeo\A15\Separation\Testing\23p65m150nlv19Zebra,B:A1,2,B:A1,D:\Methods\VNeo\A15\Separation\Testing\23p65m150nlv19Zebra.m?HyStar_LC,D:\Methods\Ultra2Methods\DIA\testing\DIA011RT75expandedrangeW83.proteoscape.m?OtofImpacTEMControl,E:\Data\2026_01\QC_SST\HeLa_50ng_2ACN01TFA_0015DDM_2uL_VNeo_Aurora15_16_23p65m150nlv19Zebra_DIA75msW83_TT0000232_B-A1_1_14633.d
Blank_2ACN01TFA_0015DDM_2uL_VNeo_Aurora15_16_23p75m150nlv16_DIA75msW83_TT0000233,E:\Data\2026_01\QC_SST,D:\Methods\VNeo\A15\Separation\Testing\23p75m150nlv16,B:A9,2,B:A9,D:\Methods\VNeo\A15\Separation\Testing\23p75m150nlv16.m?HyStar_LC,D:\Methods\Ultra2Methods\DIA\testing\DIA011RT75expandedrangeW83.proteoscape.m?OtofImpacTEMControl,E:\Data\2026_01\QC_SST\Blank_2ACN01TFA_0015DDM_2uL_VNeo_Aurora15_16_23p75m150nlv16_DIA75msW83_TT0000233_B-A9_1_14634.d
HeLa_50ng_2ACN01TFA_0015DDM_2uL_VNeo_Aurora15_16_25p15m150nlv20Zebra_DIA75msW83_TT0000234,E:\Data\2026_01\QC_SST,D:\Methods\VNeo\A15\Separation\Testing\25p15m150nlv20Zebra,B:A1,2,B:A1,D:\Methods\VNeo\A15\Separation\Testing\25p15m150nlv20Zebra.m?HyStar_LC,D:\Methods\Ultra2Methods\DIA\testing\DIA011RT75expandedrangeW83.proteoscape.m?OtofImpacTEMControl,E:\Data\2026_01\QC_SST\HeLa_50ng_2ACN01TFA_0015DDM_2uL_VNeo_Aurora15_16_25p15m150nlv20Zebra_DIA75msW83_TT0000234_B-A1_1_14635.d
Blank_2ACN01TFA_0015DDM_2uL_VNeo_Aurora15_16_23p75m150nlv16_DIA75msW83_TT0000235,E:\Data\2026_01\QC_SST,D:\Methods\VNeo\A15\Separation\Testing\23p75m150nlv16,B:A9,2,B:A9,D:\Methods\VNeo\A15\Separation\Testing\23p75m150nlv16.m?HyStar_LC,D:\Methods\Ultra2Methods\DIA\testing\DIA011RT75expandedrangeW83.proteoscape.m?OtofImpacTEMControl,E:\Data\2026_01\QC_SST\Blank_2ACN01TFA_0015DDM_2uL_VNeo_Aurora15_16_23p75m150nlv16_DIA75msW83_TT0000235_B-A9_1_14636.d
CC25_TT0000236,E:\Data\2026_01\Wash,D:\Methods\VNeo\A15\Wash\Blank7m650nlML11mA15,B:A12,2,B:A12,D:\Methods\VNeo\A15\Wash\Blank7m650nlML11mA15.m?HyStar_LC,D:\Methods\Ultra2Methods\MS1\MS1001.m?OtofImpacTEMControl,E:\Data\2026_01\Wash\CC25_TT0000236_B-A12_1_14637.d
HeLa_5ng_2ACN01TFA_0015DDM_2uL_VNeo_Aurora15_16_25m200nlv23_DIA75msW83_TT0000237,E:\Data\2026_01\QC_SST,D:\Methods\VNeo\A15\Separation\Testing\25m200nlv23,B:A1,1,B:A1,D:\Methods\VNeo\A15\Separation\Testing\25m200nlv23.m?HyStar_LC,D:\Methods\Ultra2Methods\DIA\testing\DIA011RT75expandedrangeW83.proteoscape.m?OtofImpacTEMControl,E:\Data\2026_01\QC_SST\HeLa_5ng_2ACN01TFA_0015DDM_2uL_VNeo_Aurora15_16_25m200nlv23_DIA75msW83_TT0000237_B-A1_1_14638.d
HeLa_5ng_2ACN01TFA_0015DDM_1uL_VNeo_Aurora15_16_25m200nlv24_DIA75msW83_TT0000238,E:\Data\2026_01\QC_SST,D:\Methods\VNeo\A15\Separation\Testing\25m200nlv24,B:A1,1,B:A1,D:\Methods\VNeo\A15\Separation\Testing\25m200nlv24.m?HyStar_LC,D:\Methods\Ultra2Methods\DIA\testing\DIA011RT75expandedrangeW83.proteoscape.m?OtofImpacTEMControl,E:\Data\2026_01\QC_SST\HeLa_5ng_2ACN01TFA_0015DDM_1uL_VNeo_Aurora15_16_25m200nlv24_DIA75msW83_TT0000238_B-A1_1_14639.d
HeLa_5ng_2ACN01TFA_0015DDM_1uL_VNeo_Aurora15_16_19m200nlv25_DIA75msW83_TT0000239,E:\Data\2026_01\QC_SST,D:\Methods\VNeo\A15\Separation\Testing\19m200nlv25,B:A1,1,B:A1,D:\Methods\VNeo\A15\Separation\Testing\19m200nlv25.m?HyStar_LC,D:\Methods\Ultra2Methods\DIA\testing\DIA011RT75expandedrangeW83.proteoscape.m?OtofImpacTEMControl,E:\Data\2026_01\QC_SST\HeLa_5ng_2ACN01TFA_0015DDM_1uL_VNeo_Aurora15_16_19m200nlv25_DIA75msW83_TT0000239_B-A1_1_14640.d
HeLa_5ng_2ACN01TFA_0015DDM_1uL_VNeo_Aurora15_16_19m200nlv26PC2drop_DIA75msW83_TT0000240,E:\Data\2026_01\QC_SST,D:\Methods\VNeo\A15\Separation\Testing\19m200nlv27PC2drop,B:A1,1,B:A1,D:\Methods\VNeo\A15\Separation\Testing\19m200nlv25.m?HyStar_LC,D:\Methods\Ultra2Methods\DIA\testing\DIA011RT75expandedrangeW83.proteoscape.m?OtofImpacTEMControl,E:\Data\2026_01\QC_SST\HeLa_5ng_2ACN01TFA_0015DDM_1uL_VNeo_Aurora15_16_19m200nlv26PC2drop_DIA75msW83_TT0000240_B-A1_1_14641.d
HeLa_5ng_2ACN01TFA_0015DDM_1uL_VNeo_Aurora15_16_18p6m200nlv28_DIA75msW83_TT0000241,E:\Data\2026_01\QC_SST,D:\Methods\VNeo\A15\Separation\Testing\18p6m200nlv28drop,B:A1,1,B:A1,D:\Methods\VNeo\A15\Separation\Testing\18p6m200nlv28.m?HyStar_LC,D:\Methods\Ultra2Methods\DIA\testing\DIA011RT75expandedrangeW83.proteoscape.m?OtofImpacTEMControl,E:\Data\2026_01\QC_SST\HeLa_5ng_2ACN01TFA_0015DDM_1uL_VNeo_Aurora15_16_18p6m200nlv28_DIA75msW83_TT0000241_B-A1_1_14642.d
HeLa_5ng_2ACN01TFA_0015DDM_1uL_VNeo_Aurora15_16_18p6m200nlv28_DIA75msW82_TT0000242,E:\Data\2026_01\QC_SST,D:\Methods\VNeo\A15\Separation\Testing\18p6m200nlv28drop,B:A1,1,B:A1,D:\Methods\VNeo\A15\Separation\Testing\18p6m200nlv28.m?HyStar_LC,D:\Methods\Ultra2Methods\DIA\testing\DIA011RT75expandedrangeW82.proteoscape.m?OtofImpacTEMControl,E:\Data\2026_01\QC_SST\HeLa_5ng_2ACN01TFA_0015DDM_1uL_VNeo_Aurora15_16_18p6m200nlv28_DIA75msW82_TT0000242_B-A1_1_14643.d
HeLa_5ng_2ACN01TFA_0015DDM_1uL_VNeo_Aurora15_16_18p6m200nlv28_DIA75msW63_TT0000243,E:\Data\2026_01\QC_SST,D:\Methods\VNeo\A15\Separation\Testing\18p6m200nlv28drop,B:A1,1,B:A1,D:\Methods\VNeo\A15\Separation\Testing\18p6m200nlv28.m?HyStar_LC,D:\Methods\Ultra2Methods\DIA\testing\DIA011RT75expandedrangeW63.proteoscape.m?OtofImpacTEMControl,E:\Data\2026_01\QC_SST\HeLa_5ng_2ACN01TFA_0015DDM_1uL_VNeo_Aurora15_16_18p6m200nlv28_DIA75msW63_TT0000243_B-A1_1_14644.d
HeLa_5ng_2ACN01TFA_0015DDM_1uL_VNeo_Aurora15_16_18p6m200nlv28_DIA75msW62_TT0000244,E:\Data\2026_01\QC_SST,D:\Methods\VNeo\A15\Separation\Testing\18p6m200nlv28drop,B:A1,1,B:A1,D:\Methods\VNeo\A15\Separation\Testing\18p6m200nlv28.m?HyStar_LC,D:\Methods\Ultra2Methods\DIA\testing\DIA011RT70expandedrangeW62.proteoscape.m?OtofImpacTEMControl,E:\Data\2026_01\QC_SST\HeLa_5ng_2ACN01TFA_0015DDM_1uL_VNeo_Aurora15_16_18p6m200nlv28_DIA75msW62_TT0000244_B-A1_1_14645.d
HeLa_5ng_2ACN01TFA_0015DDM_1uL_VNeo_Aurora15_16_18p6m200nlv28_DIA60msW83Uncal_TT0000245,E:\Data\2026_01\QC_SST,D:\Methods\VNeo\A15\Separation\Testing\18p6m200nlv28drop,B:A1,1,B:A1,D:\Methods\VNeo\A15\Separation\Testing\18p6m200nlv28.m?HyStar_LC,D:\Methods\Ultra2Methods\DIA\testing\DIA011RT60expandedrangeW83.proteoscape.m?OtofImpacTEMControl,E:\Data\2026_01\QC_SST\HeLa_5ng_2ACN01TFA_0015DDM_1uL_VNeo_Aurora15_16_18p6m200nlv28_DIA60msW83Uncal_TT0000245_B-A1_1_14646.d
HeLa_5ng_2ACN01TFA_0015DDM_1uL_VNeo_Aurora15_16_18p6m200nlv28_DIA70msW83Uncal_TT0000246,E:\Data\2026_01\QC_SST,D:\Methods\VNeo\A15\Separation\Testing\18p6m200nlv28drop,B:A1,1,B:A1,D:\Methods\VNeo\A15\Separation\Testing\18p6m200nlv28.m?HyStar_LC,D:\Methods\Ultra2Methods\DIA\testing\DIA011RT70expandedrangeW83.proteoscape.m?OtofImpacTEMControl,E:\Data\2026_01\QC_SST\HeLa_5ng_2ACN01TFA_0015DDM_1uL_VNeo_Aurora15_16_18p6m200nlv28_DIA70msW83Uncal_TT0000246_B-A1_1_14647.d
HeLa_5ng_2ACN01TFA_0015DDM_1uL_VNeo_Aurora15_16_18p6m200nlv30_DIA75msW83_TT0000247,E:\Data\2026_01\QC_SST,D:\Methods\VNeo\A15\Separation\Testing\18p6m200nlv30,B:A1,1,B:A1,D:\Methods\VNeo\A15\Separation\Testing\18p6m200nlv28.m?HyStar_LC,D:\Methods\Ultra2Methods\DIA\testing\DIA011RT75expandedrangeW83.proteoscape.m?OtofImpacTEMControl,E:\Data\2026_01\QC_SST\HeLa_5ng_2ACN01TFA_0015DDM_1uL_VNeo_Aurora15_16_18p6m200nlv30_DIA75msW83_TT0000247_B-A1_1_14648.d
HeLa_5ng_2ACN01TFA_0015DDM_1uL_VNeo_Aurora15_16_18p5m200nlv30_DIA75msW83_TT0000248,E:\Data\2026_01\QC_SST,D:\Methods\VNeo\A15\Separation\Testing\18p5m200nlv29,B:A1,1,B:A1,D:\Methods\VNeo\A15\Separation\Testing\18p6m200nlv28.m?HyStar_LC,D:\Methods\Ultra2Methods\DIA\testing\DIA011RT75expandedrangeW83.proteoscape.m?OtofImpacTEMControl,E:\Data\2026_01\QC_SST\HeLa_5ng_2ACN01TFA_0015DDM_1uL_VNeo_Aurora15_16_18p5m200nlv30_DIA75msW83_TT0000248_B-A1_1_14649.d
HeLa_5ng_2ACN01TFA_0015DDM_1uL_VNeo_Aurora15_16_18p6m200nlv28_DIA80msW83_TT0000249,E:\Data\2026_01\QC_SST,D:\Methods\VNeo\A15\Separation\Testing\18p6m200nlv28drop,B:A1,1,B:A1,D:\Methods\VNeo\A15\Separation\Testing\18p6m200nlv28.m?HyStar_LC,D:\Methods\Ultra2Methods\DIA\testing\DIA011RT80expandedrangeW83.proteoscape.m?OtofImpacTEMControl,E:\Data\2026_01\QC_SST\HeLa_5ng_2ACN01TFA_0015DDM_1uL_VNeo_Aurora15_16_18p6m200nlv28_DIA80msW83_TT0000249_B-A1_1_14650.d
HeLa_5ng_2ACN01TFA_0015DDM_1uL_VNeo_Aurora15_16_18p6m200nlv28_DIA85msW83_TT0000250,E:\Data\2026_01\QC_SST,D:\Methods\VNeo\A15\Separation\Testing\18p6m200nlv28drop,B:A1,1,B:A1,D:\Methods\VNeo\A15\Separation\Testing\18p6m200nlv28.m?HyStar_LC,D:\Methods\Ultra2Methods\DIA\testing\DIA011RT85expandedrangeW83.proteoscape.m?OtofImpacTEMControl,E:\Data\2026_01\QC_SST\HeLa_5ng_2ACN01TFA_0015DDM_1uL_VNeo_Aurora15_16_18p6m200nlv28_DIA85msW83_TT0000250_B-A1_1_14651.d
HeLa_5ng_2ACN01TFA_0015DDM_1uL_VNeo_Aurora15_16_18p6m200nlv28_DIA90msW83_TT0000251,E:\Data\2026_01\QC_SST,D:\Methods\VNeo\A15\Separation\Testing\18p6m200nlv28drop,B:A1,1,B:A1,D:\Methods\VNeo\A15\Separation\Testing\18p6m200nlv28.m?HyStar_LC,D:\Methods\Ultra2Methods\DIA\testing\DIA011RT90expandedrangeW83.proteoscape.m?OtofImpacTEMControl,E:\Data\2026_01\QC_SST\HeLa_5ng_2ACN01TFA_0015DDM_1uL_VNeo_Aurora15_16_18p6m200nlv28_DIA90msW83_TT0000251_B-A1_1_14652.d
HeLa_50ng_2ACN01TFA_0015DDM_2uL_VNeo_Aurora15_16_18p6m200nlv28_DDA75ms1500V_TT0000252,E:\Data\2026_01\QC_SST,D:\Methods\VNeo\A15\Separation\Testing\18p6m200nlv28drop,B:A8,2,B:A8,D:\Methods\VNeo\A15\Separation\Testing\18p6m200nlv28.m?HyStar_LC,D:\Methods\Ultra2Methods\DDA\Testing\DDA101RT75WideV1500.m?OtofImpacTEMControl,E:\Data\2026_01\QC_SST\HeLa_50ng_2ACN01TFA_0015DDM_2uL_VNeo_Aurora15_16_18p6m200nlv28_DDA75ms1500V_TT0000252_B-A8_1_14653.d
Blank_2ACN01TFA_0015DDM_2uL_VNeo_Aurora15_16_18p6200lv28_DDA75ms1500V_TT0000253,E:\Data\2026_01\QC_SST,D:\Methods\VNeo\A15\Separation\Testing\18p6m200nlv28drop,B:A9,2,B:A9,D:\Methods\VNeo\A15\Separation\Testing\18p6m200nlv28.m?HyStar_LC,D:\Methods\Ultra2Methods\DDA\Testing\DDA101RT75WideV1500.m?OtofImpacTEMControl,E:\Data\2026_01\QC_SST\Blank_2ACN01TFA_0015DDM_2uL_VNeo_Aurora15_16_18p6200lv28_DDA75ms1500V_TT0000253_B-A9_1_14654.d
HeLa_50ng_2ACN01TFA_0015DDM_2uL_VNeo_Aurora15_16_18p6m200nlv28_DDA60ms1500Vnopoly_TT0000254,E:\Data\2026_01\QC_SST,D:\Methods\VNeo\A15\Separation\Testing\18p6m200nlv28drop,B:A8,2,B:A8,D:\Methods\VNeo\A15\Separation\Testing\18p6m200nlv28.m?HyStar_LC,D:\Methods\Ultra2Methods\DDA\Testing\DDA101RT60WideV1500noPoly.m?OtofImpacTEMControl,E:\Data\2026_01\QC_SST\HeLa_50ng_2ACN01TFA_0015DDM_2uL_VNeo_Aurora15_16_18p6m200nlv28_DDA60ms1500Vnopoly_TT0000254_B-A8_1_14655.d
HeLa_50ng_2ACN01TFA_0015DDM_2uL_VNeo_Aurora15_16_18p6m200nlv28_DDA75msC81500Vnopoly_TT0000255,E:\Data\2026_01\QC_SST,D:\Methods\VNeo\A15\Separation\Testing\18p6m200nlv28drop,B:A9,2,B:A8,D:\Methods\VNeo\A15\Separation\Testing\18p6m200nlv28.m?HyStar_LC,D:\Methods\Ultra2Methods\DDA\Testing\DDA101RT75C8WideV1500noPoly.m?OtofImpacTEMControl,E:\Data\2026_01\QC_SST\HeLa_50ng_2ACN01TFA_0015DDM_2uL_VNeo_Aurora15_16_18p6m200nlv28_DDA75msC81500Vnopoly_TT0000255_B-A8_1_14656.d
HeLa_50ng_2ACN01TFA_0015DDM_2uL_VNeo_Aurora15_16_18p6m200nlv28_DDA100msC81500Vnopoly_TT0000256,E:\Data\2026_01\QC_SST,D:\Methods\VNeo\A15\Separation\Testing\18p6m200nlv28drop,B:A9,2,B:A8,D:\Methods\VNeo\A15\Separation\Testing\18p6m200nlv28.m?HyStar_LC,D:\Methods\Ultra2Methods\DDA\Testing\DDA101RT100WideV1500noPoly.m?OtofImpacTEMControl,E:\Data\2026_01\QC_SST\HeLa_50ng_2ACN01TFA_0015DDM_2uL_VNeo_Aurora15_16_18p6m200nlv28_DDA100msC81500Vnopoly_TT0000256_B-A8_1_14657.d
